<?xml version="1.0" encoding="UTF-8"?>
<DEFECTS>
  <DEFECT>
    <SFA>
      <FILEPATH>C:\Users\Asus\Documents\Tecnico\Cadeiras2Sem\P3D\P3D\P3D_Template\P3D_Template\</FILEPATH>
      <FILENAME>vector.h</FILENAME>
      <LINE>12</LINE>
      <COLUMN>1</COLUMN>
    </SFA>
    <DEFECTCODE>26495</DEFECTCODE>
    <DESCRIPTION>Variable 'Vector::x' is uninitialized. Always initialize a member variable (type.6).</DESCRIPTION>
    <FUNCTION>Vector::{ctor}</FUNCTION>
    <DECORATED>??0Vector@@QEAA@XZ</DECORATED>
    <FUNCLINE>12</FUNCLINE>
    <ADDITIONALINFO>
      <targetSymbol>Vector::x</targetSymbol>
    </ADDITIONALINFO>
    <PATH></PATH>
  </DEFECT>
  <DEFECT>
    <SFA>
      <FILEPATH>C:\Users\Asus\Documents\Tecnico\Cadeiras2Sem\P3D\P3D\P3D_Template\P3D_Template\</FILEPATH>
      <FILENAME>vector.h</FILENAME>
      <LINE>12</LINE>
      <COLUMN>1</COLUMN>
    </SFA>
    <DEFECTCODE>26495</DEFECTCODE>
    <DESCRIPTION>Variable 'Vector::z' is uninitialized. Always initialize a member variable (type.6).</DESCRIPTION>
    <FUNCTION>Vector::{ctor}</FUNCTION>
    <DECORATED>??0Vector@@QEAA@XZ</DECORATED>
    <FUNCLINE>12</FUNCLINE>
    <ADDITIONALINFO>
      <targetSymbol>Vector::z</targetSymbol>
    </ADDITIONALINFO>
    <PATH></PATH>
  </DEFECT>
  <DEFECT>
    <SFA>
      <FILEPATH>C:\Users\Asus\Documents\Tecnico\Cadeiras2Sem\P3D\P3D\P3D_Template\P3D_Template\</FILEPATH>
      <FILENAME>vector.h</FILENAME>
      <LINE>12</LINE>
      <COLUMN>1</COLUMN>
    </SFA>
    <DEFECTCODE>26495</DEFECTCODE>
    <DESCRIPTION>Variable 'Vector::y' is uninitialized. Always initialize a member variable (type.6).</DESCRIPTION>
    <FUNCTION>Vector::{ctor}</FUNCTION>
    <DECORATED>??0Vector@@QEAA@XZ</DECORATED>
    <FUNCLINE>12</FUNCLINE>
    <ADDITIONALINFO>
      <targetSymbol>Vector::y</targetSymbol>
    </ADDITIONALINFO>
    <PATH></PATH>
  </DEFECT>
  <DEFECT>
    <SFA>
      <FILEPATH>C:\Users\Asus\Documents\Tecnico\Cadeiras2Sem\P3D\P3D\P3D_Template\P3D_Template\</FILEPATH>
      <FILENAME>scene.h</FILENAME>
      <LINE>91</LINE>
      <COLUMN>0</COLUMN>
    </SFA>
    <DEFECTCODE>26495</DEFECTCODE>
    <DESCRIPTION>Variable 'Object::m_Material' is uninitialized. Always initialize a member variable (type.6).</DESCRIPTION>
    <FUNCTION>Object::{ctor}</FUNCTION>
    <DECORATED>??0Object@@QEAA@XZ</DECORATED>
    <FUNCLINE>91</FUNCLINE>
    <ADDITIONALINFO>
      <targetSymbol>Object::m_Material</targetSymbol>
    </ADDITIONALINFO>
    <PATH></PATH>
  </DEFECT>
  <DEFECT>
    <SFA>
      <FILEPATH>C:\Users\Asus\Documents\Tecnico\Cadeiras2Sem\P3D\P3D\P3D_Template\P3D_Template\</FILEPATH>
      <FILENAME>bvh.cpp</FILENAME>
      <LINE>5</LINE>
      <COLUMN>14</COLUMN>
    </SFA>
    <DEFECTCODE>26495</DEFECTCODE>
    <DESCRIPTION>Variable 'BVH::BVHNode::leaf' is uninitialized. Always initialize a member variable (type.6).</DESCRIPTION>
    <FUNCTION>BVH::BVHNode::{ctor}</FUNCTION>
    <DECORATED>??0BVHNode@BVH@@QEAA@XZ</DECORATED>
    <FUNCLINE>5</FUNCLINE>
    <ADDITIONALINFO>
      <targetSymbol>BVH::BVHNode::leaf</targetSymbol>
    </ADDITIONALINFO>
    <PATH></PATH>
  </DEFECT>
  <DEFECT>
    <SFA>
      <FILEPATH>C:\Users\Asus\Documents\Tecnico\Cadeiras2Sem\P3D\P3D\P3D_Template\P3D_Template\</FILEPATH>
      <FILENAME>bvh.cpp</FILENAME>
      <LINE>5</LINE>
      <COLUMN>14</COLUMN>
    </SFA>
    <DEFECTCODE>26495</DEFECTCODE>
    <DESCRIPTION>Variable 'BVH::BVHNode::n_objs' is uninitialized. Always initialize a member variable (type.6).</DESCRIPTION>
    <FUNCTION>BVH::BVHNode::{ctor}</FUNCTION>
    <DECORATED>??0BVHNode@BVH@@QEAA@XZ</DECORATED>
    <FUNCLINE>5</FUNCLINE>
    <ADDITIONALINFO>
      <targetSymbol>BVH::BVHNode::n_objs</targetSymbol>
    </ADDITIONALINFO>
    <PATH></PATH>
  </DEFECT>
  <DEFECT>
    <SFA>
      <FILEPATH>C:\Users\Asus\Documents\Tecnico\Cadeiras2Sem\P3D\P3D\P3D_Template\P3D_Template\</FILEPATH>
      <FILENAME>bvh.cpp</FILENAME>
      <LINE>5</LINE>
      <COLUMN>14</COLUMN>
    </SFA>
    <DEFECTCODE>26495</DEFECTCODE>
    <DESCRIPTION>Variable 'BVH::BVHNode::index' is uninitialized. Always initialize a member variable (type.6).</DESCRIPTION>
    <FUNCTION>BVH::BVHNode::{ctor}</FUNCTION>
    <DECORATED>??0BVHNode@BVH@@QEAA@XZ</DECORATED>
    <FUNCLINE>5</FUNCLINE>
    <ADDITIONALINFO>
      <targetSymbol>BVH::BVHNode::index</targetSymbol>
    </ADDITIONALINFO>
    <PATH></PATH>
  </DEFECT>
</DEFECTS>