<?xml version="1.0" encoding="UTF-8"?>
<DEFECTS>
  <DEFECT>
    <SFA>
      <FILEPATH>C:\Users\Asus\Documents\Tecnico\Cadeiras2Sem\P3D\P3D\P3D_Template\P3D_Template\</FILEPATH>
      <FILENAME>vector.h</FILENAME>
      <LINE>12</LINE>
      <COLUMN>1</COLUMN>
    </SFA>
    <DEFECTCODE>26495</DEFECTCODE>
    <DESCRIPTION>Variable 'Vector::x' is uninitialized. Always initialize a member variable (type.6).</DESCRIPTION>
    <FUNCTION>Vector::{ctor}</FUNCTION>
    <DECORATED>??0Vector@@QEAA@XZ</DECORATED>
    <FUNCLINE>12</FUNCLINE>
    <ADDITIONALINFO>
      <targetSymbol>Vector::x</targetSymbol>
    </ADDITIONALINFO>
    <PATH></PATH>
  </DEFECT>
  <DEFECT>
    <SFA>
      <FILEPATH>C:\Users\Asus\Documents\Tecnico\Cadeiras2Sem\P3D\P3D\P3D_Template\P3D_Template\</FILEPATH>
      <FILENAME>vector.h</FILENAME>
      <LINE>12</LINE>
      <COLUMN>1</COLUMN>
    </SFA>
    <DEFECTCODE>26495</DEFECTCODE>
    <DESCRIPTION>Variable 'Vector::z' is uninitialized. Always initialize a member variable (type.6).</DESCRIPTION>
    <FUNCTION>Vector::{ctor}</FUNCTION>
    <DECORATED>??0Vector@@QEAA@XZ</DECORATED>
    <FUNCLINE>12</FUNCLINE>
    <ADDITIONALINFO>
      <targetSymbol>Vector::z</targetSymbol>
    </ADDITIONALINFO>
    <PATH></PATH>
  </DEFECT>
  <DEFECT>
    <SFA>
      <FILEPATH>C:\Users\Asus\Documents\Tecnico\Cadeiras2Sem\P3D\P3D\P3D_Template\P3D_Template\</FILEPATH>
      <FILENAME>vector.h</FILENAME>
      <LINE>12</LINE>
      <COLUMN>1</COLUMN>
    </SFA>
    <DEFECTCODE>26495</DEFECTCODE>
    <DESCRIPTION>Variable 'Vector::y' is uninitialized. Always initialize a member variable (type.6).</DESCRIPTION>
    <FUNCTION>Vector::{ctor}</FUNCTION>
    <DECORATED>??0Vector@@QEAA@XZ</DECORATED>
    <FUNCLINE>12</FUNCLINE>
    <ADDITIONALINFO>
      <targetSymbol>Vector::y</targetSymbol>
    </ADDITIONALINFO>
    <PATH></PATH>
  </DEFECT>
  <DEFECT>
    <SFA>
      <FILEPATH>C:\Users\Asus\Documents\Tecnico\Cadeiras2Sem\P3D\P3D\P3D_Template\P3D_Template\</FILEPATH>
      <FILENAME>scene.h</FILENAME>
      <LINE>91</LINE>
      <COLUMN>0</COLUMN>
    </SFA>
    <DEFECTCODE>26495</DEFECTCODE>
    <DESCRIPTION>Variable 'Object::m_Material' is uninitialized. Always initialize a member variable (type.6).</DESCRIPTION>
    <FUNCTION>Object::{ctor}</FUNCTION>
    <DECORATED>??0Object@@QEAA@XZ</DECORATED>
    <FUNCLINE>91</FUNCLINE>
    <ADDITIONALINFO>
      <targetSymbol>Object::m_Material</targetSymbol>
    </ADDITIONALINFO>
    <PATH></PATH>
  </DEFECT>
  <DEFECT>
    <SFA>
      <FILEPATH>C:\Users\Asus\Documents\Tecnico\Cadeiras2Sem\P3D\P3D\P3D_Template\P3D_Template\</FILEPATH>
      <FILENAME>grid.cpp</FILENAME>
      <LINE>6</LINE>
      <COLUMN>6</COLUMN>
    </SFA>
    <DEFECTCODE>26495</DEFECTCODE>
    <DESCRIPTION>Variable 'Grid::nx' is uninitialized. Always initialize a member variable (type.6).</DESCRIPTION>
    <FUNCTION>Grid::{ctor}</FUNCTION>
    <DECORATED>??0Grid@@QEAA@XZ</DECORATED>
    <FUNCLINE>6</FUNCLINE>
    <ADDITIONALINFO>
      <targetSymbol>Grid::nx</targetSymbol>
    </ADDITIONALINFO>
    <PATH></PATH>
  </DEFECT>
  <DEFECT>
    <SFA>
      <FILEPATH>C:\Users\Asus\Documents\Tecnico\Cadeiras2Sem\P3D\P3D\P3D_Template\P3D_Template\</FILEPATH>
      <FILENAME>grid.cpp</FILENAME>
      <LINE>6</LINE>
      <COLUMN>6</COLUMN>
    </SFA>
    <DEFECTCODE>26495</DEFECTCODE>
    <DESCRIPTION>Variable 'Grid::ny' is uninitialized. Always initialize a member variable (type.6).</DESCRIPTION>
    <FUNCTION>Grid::{ctor}</FUNCTION>
    <DECORATED>??0Grid@@QEAA@XZ</DECORATED>
    <FUNCLINE>6</FUNCLINE>
    <ADDITIONALINFO>
      <targetSymbol>Grid::ny</targetSymbol>
    </ADDITIONALINFO>
    <PATH></PATH>
  </DEFECT>
  <DEFECT>
    <SFA>
      <FILEPATH>C:\Users\Asus\Documents\Tecnico\Cadeiras2Sem\P3D\P3D\P3D_Template\P3D_Template\</FILEPATH>
      <FILENAME>grid.cpp</FILENAME>
      <LINE>6</LINE>
      <COLUMN>6</COLUMN>
    </SFA>
    <DEFECTCODE>26495</DEFECTCODE>
    <DESCRIPTION>Variable 'Grid::nz' is uninitialized. Always initialize a member variable (type.6).</DESCRIPTION>
    <FUNCTION>Grid::{ctor}</FUNCTION>
    <DECORATED>??0Grid@@QEAA@XZ</DECORATED>
    <FUNCLINE>6</FUNCLINE>
    <ADDITIONALINFO>
      <targetSymbol>Grid::nz</targetSymbol>
    </ADDITIONALINFO>
    <PATH></PATH>
  </DEFECT>
  <DEFECT>
    <SFA>
      <FILEPATH>C:\Users\Asus\Documents\Tecnico\Cadeiras2Sem\P3D\P3D\P3D_Template\P3D_Template\</FILEPATH>
      <FILENAME>grid.cpp</FILENAME>
      <LINE>57</LINE>
      <COLUMN>24</COLUMN>
    </SFA>
    <DEFECTCODE>26451</DEFECTCODE>
    <DESCRIPTION>Arithmetic overflow: Using operator '-' on a 4 byte value and then casting the result to a 8 byte value. Cast the value to the wider type before calling operator '-' to avoid overflow (io.2).</DESCRIPTION>
    <FUNCTION>Grid::Build</FUNCTION>
    <DECORATED>?Build@Grid@@QEAAXAEAV?$vector@PEAVObject@@V?$allocator@PEAVObject@@@std@@@std@@@Z</DECORATED>
    <FUNCLINE>31</FUNCLINE>
    <PATH></PATH>
  </DEFECT>
  <DEFECT>
    <SFA>
      <FILEPATH>C:\Users\Asus\Documents\Tecnico\Cadeiras2Sem\P3D\P3D\P3D_Template\P3D_Template\</FILEPATH>
      <FILENAME>grid.cpp</FILENAME>
      <LINE>58</LINE>
      <COLUMN>24</COLUMN>
    </SFA>
    <DEFECTCODE>26451</DEFECTCODE>
    <DESCRIPTION>Arithmetic overflow: Using operator '-' on a 4 byte value and then casting the result to a 8 byte value. Cast the value to the wider type before calling operator '-' to avoid overflow (io.2).</DESCRIPTION>
    <FUNCTION>Grid::Build</FUNCTION>
    <DECORATED>?Build@Grid@@QEAAXAEAV?$vector@PEAVObject@@V?$allocator@PEAVObject@@@std@@@std@@@Z</DECORATED>
    <FUNCLINE>31</FUNCLINE>
    <PATH></PATH>
  </DEFECT>
  <DEFECT>
    <SFA>
      <FILEPATH>C:\Users\Asus\Documents\Tecnico\Cadeiras2Sem\P3D\P3D\P3D_Template\P3D_Template\</FILEPATH>
      <FILENAME>grid.cpp</FILENAME>
      <LINE>59</LINE>
      <COLUMN>24</COLUMN>
    </SFA>
    <DEFECTCODE>26451</DEFECTCODE>
    <DESCRIPTION>Arithmetic overflow: Using operator '-' on a 4 byte value and then casting the result to a 8 byte value. Cast the value to the wider type before calling operator '-' to avoid overflow (io.2).</DESCRIPTION>
    <FUNCTION>Grid::Build</FUNCTION>
    <DECORATED>?Build@Grid@@QEAAXAEAV?$vector@PEAVObject@@V?$allocator@PEAVObject@@@std@@@std@@@Z</DECORATED>
    <FUNCLINE>31</FUNCLINE>
    <PATH></PATH>
  </DEFECT>
  <DEFECT>
    <SFA>
      <FILEPATH>C:\Users\Asus\Documents\Tecnico\Cadeiras2Sem\P3D\P3D\P3D_Template\P3D_Template\</FILEPATH>
      <FILENAME>grid.cpp</FILENAME>
      <LINE>81</LINE>
      <COLUMN>85</COLUMN>
    </SFA>
    <DEFECTCODE>26451</DEFECTCODE>
    <DESCRIPTION>Arithmetic overflow: Using operator '-' on a 4 byte value and then casting the result to a 8 byte value. Cast the value to the wider type before calling operator '-' to avoid overflow (io.2).</DESCRIPTION>
    <FUNCTION>Grid::Build</FUNCTION>
    <DECORATED>?Build@Grid@@QEAAXAEAV?$vector@PEAVObject@@V?$allocator@PEAVObject@@@std@@@std@@@Z</DECORATED>
    <FUNCLINE>31</FUNCLINE>
    <PATH></PATH>
  </DEFECT>
  <DEFECT>
    <SFA>
      <FILEPATH>C:\Users\Asus\Documents\Tecnico\Cadeiras2Sem\P3D\P3D\P3D_Template\P3D_Template\</FILEPATH>
      <FILENAME>grid.cpp</FILENAME>
      <LINE>82</LINE>
      <COLUMN>85</COLUMN>
    </SFA>
    <DEFECTCODE>26451</DEFECTCODE>
    <DESCRIPTION>Arithmetic overflow: Using operator '-' on a 4 byte value and then casting the result to a 8 byte value. Cast the value to the wider type before calling operator '-' to avoid overflow (io.2).</DESCRIPTION>
    <FUNCTION>Grid::Build</FUNCTION>
    <DECORATED>?Build@Grid@@QEAAXAEAV?$vector@PEAVObject@@V?$allocator@PEAVObject@@@std@@@std@@@Z</DECORATED>
    <FUNCLINE>31</FUNCLINE>
    <PATH></PATH>
  </DEFECT>
  <DEFECT>
    <SFA>
      <FILEPATH>C:\Users\Asus\Documents\Tecnico\Cadeiras2Sem\P3D\P3D\P3D_Template\P3D_Template\</FILEPATH>
      <FILENAME>grid.cpp</FILENAME>
      <LINE>83</LINE>
      <COLUMN>85</COLUMN>
    </SFA>
    <DEFECTCODE>26451</DEFECTCODE>
    <DESCRIPTION>Arithmetic overflow: Using operator '-' on a 4 byte value and then casting the result to a 8 byte value. Cast the value to the wider type before calling operator '-' to avoid overflow (io.2).</DESCRIPTION>
    <FUNCTION>Grid::Build</FUNCTION>
    <DECORATED>?Build@Grid@@QEAAXAEAV?$vector@PEAVObject@@V?$allocator@PEAVObject@@@std@@@std@@@Z</DECORATED>
    <FUNCLINE>31</FUNCLINE>
    <PATH></PATH>
  </DEFECT>
  <DEFECT>
    <SFA>
      <FILEPATH>C:\Users\Asus\Documents\Tecnico\Cadeiras2Sem\P3D\P3D\P3D_Template\P3D_Template\</FILEPATH>
      <FILENAME>grid.cpp</FILENAME>
      <LINE>84</LINE>
      <COLUMN>85</COLUMN>
    </SFA>
    <DEFECTCODE>26451</DEFECTCODE>
    <DESCRIPTION>Arithmetic overflow: Using operator '-' on a 4 byte value and then casting the result to a 8 byte value. Cast the value to the wider type before calling operator '-' to avoid overflow (io.2).</DESCRIPTION>
    <FUNCTION>Grid::Build</FUNCTION>
    <DECORATED>?Build@Grid@@QEAAXAEAV?$vector@PEAVObject@@V?$allocator@PEAVObject@@@std@@@std@@@Z</DECORATED>
    <FUNCLINE>31</FUNCLINE>
    <PATH></PATH>
  </DEFECT>
  <DEFECT>
    <SFA>
      <FILEPATH>C:\Users\Asus\Documents\Tecnico\Cadeiras2Sem\P3D\P3D\P3D_Template\P3D_Template\</FILEPATH>
      <FILENAME>grid.cpp</FILENAME>
      <LINE>85</LINE>
      <COLUMN>85</COLUMN>
    </SFA>
    <DEFECTCODE>26451</DEFECTCODE>
    <DESCRIPTION>Arithmetic overflow: Using operator '-' on a 4 byte value and then casting the result to a 8 byte value. Cast the value to the wider type before calling operator '-' to avoid overflow (io.2).</DESCRIPTION>
    <FUNCTION>Grid::Build</FUNCTION>
    <DECORATED>?Build@Grid@@QEAAXAEAV?$vector@PEAVObject@@V?$allocator@PEAVObject@@@std@@@std@@@Z</DECORATED>
    <FUNCLINE>31</FUNCLINE>
    <PATH></PATH>
  </DEFECT>
  <DEFECT>
    <SFA>
      <FILEPATH>C:\Users\Asus\Documents\Tecnico\Cadeiras2Sem\P3D\P3D\P3D_Template\P3D_Template\</FILEPATH>
      <FILENAME>grid.cpp</FILENAME>
      <LINE>86</LINE>
      <COLUMN>85</COLUMN>
    </SFA>
    <DEFECTCODE>26451</DEFECTCODE>
    <DESCRIPTION>Arithmetic overflow: Using operator '-' on a 4 byte value and then casting the result to a 8 byte value. Cast the value to the wider type before calling operator '-' to avoid overflow (io.2).</DESCRIPTION>
    <FUNCTION>Grid::Build</FUNCTION>
    <DECORATED>?Build@Grid@@QEAAXAEAV?$vector@PEAVObject@@V?$allocator@PEAVObject@@@std@@@std@@@Z</DECORATED>
    <FUNCLINE>31</FUNCLINE>
    <PATH></PATH>
  </DEFECT>
  <DEFECT>
    <SFA>
      <FILEPATH>C:\Users\Asus\Documents\Tecnico\Cadeiras2Sem\P3D\P3D\P3D_Template\P3D_Template\</FILEPATH>
      <FILENAME>grid.cpp</FILENAME>
      <LINE>92</LINE>
      <COLUMN>24</COLUMN>
    </SFA>
    <DEFECTCODE>26451</DEFECTCODE>
    <DESCRIPTION>Arithmetic overflow: Using operator '+' on a 4 byte value and then casting the result to a 8 byte value. Cast the value to the wider type before calling operator '+' to avoid overflow (io.2).</DESCRIPTION>
    <FUNCTION>Grid::Build</FUNCTION>
    <DECORATED>?Build@Grid@@QEAAXAEAV?$vector@PEAVObject@@V?$allocator@PEAVObject@@@std@@@std@@@Z</DECORATED>
    <FUNCLINE>31</FUNCLINE>
    <PATH></PATH>
  </DEFECT>
  <DEFECT>
    <SFA>
      <FILEPATH>C:\Users\Asus\Documents\Tecnico\Cadeiras2Sem\P3D\P3D\P3D_Template\P3D_Template\</FILEPATH>
      <FILENAME>grid.cpp</FILENAME>
      <LINE>92</LINE>
      <COLUMN>14</COLUMN>
    </SFA>
    <DEFECTCODE>26451</DEFECTCODE>
    <DESCRIPTION>Arithmetic overflow: Using operator '+' on a 4 byte value and then casting the result to a 8 byte value. Cast the value to the wider type before calling operator '+' to avoid overflow (io.2).</DESCRIPTION>
    <FUNCTION>Grid::Build</FUNCTION>
    <DECORATED>?Build@Grid@@QEAAXAEAV?$vector@PEAVObject@@V?$allocator@PEAVObject@@@std@@@std@@@Z</DECORATED>
    <FUNCLINE>31</FUNCLINE>
    <PATH></PATH>
  </DEFECT>
  <DEFECT>
    <SFA>
      <FILEPATH>C:\Users\Asus\Documents\Tecnico\Cadeiras2Sem\P3D\P3D\P3D_Template\P3D_Template\</FILEPATH>
      <FILENAME>grid.cpp</FILENAME>
      <LINE>178</LINE>
      <COLUMN>47</COLUMN>
    </SFA>
    <DEFECTCODE>26451</DEFECTCODE>
    <DESCRIPTION>Arithmetic overflow: Using operator '-' on a 4 byte value and then casting the result to a 8 byte value. Cast the value to the wider type before calling operator '-' to avoid overflow (io.2).</DESCRIPTION>
    <FUNCTION>Grid::Init_Traverse</FUNCTION>
    <DECORATED>?Init_Traverse@Grid@@AEAA_NAEAVRay@@AEAH11AEAN22222111111@Z</DECORATED>
    <FUNCLINE>101</FUNCLINE>
    <PATH></PATH>
  </DEFECT>
  <DEFECT>
    <SFA>
      <FILEPATH>C:\Users\Asus\Documents\Tecnico\Cadeiras2Sem\P3D\P3D\P3D_Template\P3D_Template\</FILEPATH>
      <FILENAME>grid.cpp</FILENAME>
      <LINE>179</LINE>
      <COLUMN>47</COLUMN>
    </SFA>
    <DEFECTCODE>26451</DEFECTCODE>
    <DESCRIPTION>Arithmetic overflow: Using operator '-' on a 4 byte value and then casting the result to a 8 byte value. Cast the value to the wider type before calling operator '-' to avoid overflow (io.2).</DESCRIPTION>
    <FUNCTION>Grid::Init_Traverse</FUNCTION>
    <DECORATED>?Init_Traverse@Grid@@AEAA_NAEAVRay@@AEAH11AEAN22222111111@Z</DECORATED>
    <FUNCLINE>101</FUNCLINE>
    <PATH></PATH>
  </DEFECT>
  <DEFECT>
    <SFA>
      <FILEPATH>C:\Users\Asus\Documents\Tecnico\Cadeiras2Sem\P3D\P3D\P3D_Template\P3D_Template\</FILEPATH>
      <FILENAME>grid.cpp</FILENAME>
      <LINE>180</LINE>
      <COLUMN>47</COLUMN>
    </SFA>
    <DEFECTCODE>26451</DEFECTCODE>
    <DESCRIPTION>Arithmetic overflow: Using operator '-' on a 4 byte value and then casting the result to a 8 byte value. Cast the value to the wider type before calling operator '-' to avoid overflow (io.2).</DESCRIPTION>
    <FUNCTION>Grid::Init_Traverse</FUNCTION>
    <DECORATED>?Init_Traverse@Grid@@AEAA_NAEAVRay@@AEAH11AEAN22222111111@Z</DECORATED>
    <FUNCLINE>101</FUNCLINE>
    <PATH></PATH>
  </DEFECT>
  <DEFECT>
    <SFA>
      <FILEPATH>C:\Users\Asus\Documents\Tecnico\Cadeiras2Sem\P3D\P3D\P3D_Template\P3D_Template\</FILEPATH>
      <FILENAME>grid.cpp</FILENAME>
      <LINE>184</LINE>
      <COLUMN>48</COLUMN>
    </SFA>
    <DEFECTCODE>26451</DEFECTCODE>
    <DESCRIPTION>Arithmetic overflow: Using operator '-' on a 4 byte value and then casting the result to a 8 byte value. Cast the value to the wider type before calling operator '-' to avoid overflow (io.2).</DESCRIPTION>
    <FUNCTION>Grid::Init_Traverse</FUNCTION>
    <DECORATED>?Init_Traverse@Grid@@AEAA_NAEAVRay@@AEAH11AEAN22222111111@Z</DECORATED>
    <FUNCLINE>101</FUNCLINE>
    <PATH></PATH>
  </DEFECT>
  <DEFECT>
    <SFA>
      <FILEPATH>C:\Users\Asus\Documents\Tecnico\Cadeiras2Sem\P3D\P3D\P3D_Template\P3D_Template\</FILEPATH>
      <FILENAME>grid.cpp</FILENAME>
      <LINE>185</LINE>
      <COLUMN>48</COLUMN>
    </SFA>
    <DEFECTCODE>26451</DEFECTCODE>
    <DESCRIPTION>Arithmetic overflow: Using operator '-' on a 4 byte value and then casting the result to a 8 byte value. Cast the value to the wider type before calling operator '-' to avoid overflow (io.2).</DESCRIPTION>
    <FUNCTION>Grid::Init_Traverse</FUNCTION>
    <DECORATED>?Init_Traverse@Grid@@AEAA_NAEAVRay@@AEAH11AEAN22222111111@Z</DECORATED>
    <FUNCLINE>101</FUNCLINE>
    <PATH></PATH>
  </DEFECT>
  <DEFECT>
    <SFA>
      <FILEPATH>C:\Users\Asus\Documents\Tecnico\Cadeiras2Sem\P3D\P3D\P3D_Template\P3D_Template\</FILEPATH>
      <FILENAME>grid.cpp</FILENAME>
      <LINE>186</LINE>
      <COLUMN>48</COLUMN>
    </SFA>
    <DEFECTCODE>26451</DEFECTCODE>
    <DESCRIPTION>Arithmetic overflow: Using operator '-' on a 4 byte value and then casting the result to a 8 byte value. Cast the value to the wider type before calling operator '-' to avoid overflow (io.2).</DESCRIPTION>
    <FUNCTION>Grid::Init_Traverse</FUNCTION>
    <DECORATED>?Init_Traverse@Grid@@AEAA_NAEAVRay@@AEAH11AEAN22222111111@Z</DECORATED>
    <FUNCLINE>101</FUNCLINE>
    <PATH></PATH>
  </DEFECT>
  <DEFECT>
    <SFA>
      <FILEPATH>C:\Users\Asus\Documents\Tecnico\Cadeiras2Sem\P3D\P3D\P3D_Template\P3D_Template\</FILEPATH>
      <FILENAME>grid.cpp</FILENAME>
      <LINE>195</LINE>
      <COLUMN>25</COLUMN>
    </SFA>
    <DEFECTCODE>26451</DEFECTCODE>
    <DESCRIPTION>Arithmetic overflow: Using operator '+' on a 4 byte value and then casting the result to a 8 byte value. Cast the value to the wider type before calling operator '+' to avoid overflow (io.2).</DESCRIPTION>
    <FUNCTION>Grid::Init_Traverse</FUNCTION>
    <DECORATED>?Init_Traverse@Grid@@AEAA_NAEAVRay@@AEAH11AEAN22222111111@Z</DECORATED>
    <FUNCLINE>101</FUNCLINE>
    <PATH></PATH>
  </DEFECT>
  <DEFECT>
    <SFA>
      <FILEPATH>C:\Users\Asus\Documents\Tecnico\Cadeiras2Sem\P3D\P3D\P3D_Template\P3D_Template\</FILEPATH>
      <FILENAME>grid.cpp</FILENAME>
      <LINE>200</LINE>
      <COLUMN>25</COLUMN>
    </SFA>
    <DEFECTCODE>26451</DEFECTCODE>
    <DESCRIPTION>Arithmetic overflow: Using operator '-' on a 4 byte value and then casting the result to a 8 byte value. Cast the value to the wider type before calling operator '-' to avoid overflow (io.2).</DESCRIPTION>
    <FUNCTION>Grid::Init_Traverse</FUNCTION>
    <DECORATED>?Init_Traverse@Grid@@AEAA_NAEAVRay@@AEAH11AEAN22222111111@Z</DECORATED>
    <FUNCLINE>101</FUNCLINE>
    <PATH></PATH>
  </DEFECT>
  <DEFECT>
    <SFA>
      <FILEPATH>C:\Users\Asus\Documents\Tecnico\Cadeiras2Sem\P3D\P3D\P3D_Template\P3D_Template\</FILEPATH>
      <FILENAME>grid.cpp</FILENAME>
      <LINE>212</LINE>
      <COLUMN>25</COLUMN>
    </SFA>
    <DEFECTCODE>26451</DEFECTCODE>
    <DESCRIPTION>Arithmetic overflow: Using operator '+' on a 4 byte value and then casting the result to a 8 byte value. Cast the value to the wider type before calling operator '+' to avoid overflow (io.2).</DESCRIPTION>
    <FUNCTION>Grid::Init_Traverse</FUNCTION>
    <DECORATED>?Init_Traverse@Grid@@AEAA_NAEAVRay@@AEAH11AEAN22222111111@Z</DECORATED>
    <FUNCLINE>101</FUNCLINE>
    <PATH></PATH>
  </DEFECT>
  <DEFECT>
    <SFA>
      <FILEPATH>C:\Users\Asus\Documents\Tecnico\Cadeiras2Sem\P3D\P3D\P3D_Template\P3D_Template\</FILEPATH>
      <FILENAME>grid.cpp</FILENAME>
      <LINE>217</LINE>
      <COLUMN>25</COLUMN>
    </SFA>
    <DEFECTCODE>26451</DEFECTCODE>
    <DESCRIPTION>Arithmetic overflow: Using operator '-' on a 4 byte value and then casting the result to a 8 byte value. Cast the value to the wider type before calling operator '-' to avoid overflow (io.2).</DESCRIPTION>
    <FUNCTION>Grid::Init_Traverse</FUNCTION>
    <DECORATED>?Init_Traverse@Grid@@AEAA_NAEAVRay@@AEAH11AEAN22222111111@Z</DECORATED>
    <FUNCLINE>101</FUNCLINE>
    <PATH></PATH>
  </DEFECT>
  <DEFECT>
    <SFA>
      <FILEPATH>C:\Users\Asus\Documents\Tecnico\Cadeiras2Sem\P3D\P3D\P3D_Template\P3D_Template\</FILEPATH>
      <FILENAME>grid.cpp</FILENAME>
      <LINE>229</LINE>
      <COLUMN>25</COLUMN>
    </SFA>
    <DEFECTCODE>26451</DEFECTCODE>
    <DESCRIPTION>Arithmetic overflow: Using operator '+' on a 4 byte value and then casting the result to a 8 byte value. Cast the value to the wider type before calling operator '+' to avoid overflow (io.2).</DESCRIPTION>
    <FUNCTION>Grid::Init_Traverse</FUNCTION>
    <DECORATED>?Init_Traverse@Grid@@AEAA_NAEAVRay@@AEAH11AEAN22222111111@Z</DECORATED>
    <FUNCLINE>101</FUNCLINE>
    <PATH></PATH>
  </DEFECT>
  <DEFECT>
    <SFA>
      <FILEPATH>C:\Users\Asus\Documents\Tecnico\Cadeiras2Sem\P3D\P3D\P3D_Template\P3D_Template\</FILEPATH>
      <FILENAME>grid.cpp</FILENAME>
      <LINE>234</LINE>
      <COLUMN>25</COLUMN>
    </SFA>
    <DEFECTCODE>26451</DEFECTCODE>
    <DESCRIPTION>Arithmetic overflow: Using operator '-' on a 4 byte value and then casting the result to a 8 byte value. Cast the value to the wider type before calling operator '-' to avoid overflow (io.2).</DESCRIPTION>
    <FUNCTION>Grid::Init_Traverse</FUNCTION>
    <DECORATED>?Init_Traverse@Grid@@AEAA_NAEAVRay@@AEAH11AEAN22222111111@Z</DECORATED>
    <FUNCLINE>101</FUNCLINE>
    <PATH></PATH>
  </DEFECT>
  <DEFECT>
    <SFA>
      <FILEPATH>C:\Users\Asus\Documents\Tecnico\Cadeiras2Sem\P3D\P3D\P3D_Template\P3D_Template\</FILEPATH>
      <FILENAME>grid.cpp</FILENAME>
      <LINE>266</LINE>
      <COLUMN>28</COLUMN>
    </SFA>
    <DEFECTCODE>26451</DEFECTCODE>
    <DESCRIPTION>Arithmetic overflow: Using operator '+' on a 4 byte value and then casting the result to a 8 byte value. Cast the value to the wider type before calling operator '+' to avoid overflow (io.2).</DESCRIPTION>
    <FUNCTION>Grid::Traverse</FUNCTION>
    <DECORATED>?Traverse@Grid@@QEAA_NAEAVRay@@PEAPEAVObject@@AEAVVector@@@Z</DECORATED>
    <FUNCLINE>248</FUNCLINE>
    <PATH></PATH>
  </DEFECT>
  <DEFECT>
    <SFA>
      <FILEPATH>C:\Users\Asus\Documents\Tecnico\Cadeiras2Sem\P3D\P3D\P3D_Template\P3D_Template\</FILEPATH>
      <FILENAME>grid.cpp</FILENAME>
      <LINE>266</LINE>
      <COLUMN>18</COLUMN>
    </SFA>
    <DEFECTCODE>26451</DEFECTCODE>
    <DESCRIPTION>Arithmetic overflow: Using operator '+' on a 4 byte value and then casting the result to a 8 byte value. Cast the value to the wider type before calling operator '+' to avoid overflow (io.2).</DESCRIPTION>
    <FUNCTION>Grid::Traverse</FUNCTION>
    <DECORATED>?Traverse@Grid@@QEAA_NAEAVRay@@PEAPEAVObject@@AEAVVector@@@Z</DECORATED>
    <FUNCLINE>248</FUNCLINE>
    <PATH></PATH>
  </DEFECT>
  <DEFECT>
    <SFA>
      <FILEPATH>C:\Users\Asus\Documents\Tecnico\Cadeiras2Sem\P3D\P3D\P3D_Template\P3D_Template\</FILEPATH>
      <FILENAME>grid.cpp</FILENAME>
      <LINE>334</LINE>
      <COLUMN>28</COLUMN>
    </SFA>
    <DEFECTCODE>26451</DEFECTCODE>
    <DESCRIPTION>Arithmetic overflow: Using operator '+' on a 4 byte value and then casting the result to a 8 byte value. Cast the value to the wider type before calling operator '+' to avoid overflow (io.2).</DESCRIPTION>
    <FUNCTION>Grid::Traverse</FUNCTION>
    <DECORATED>?Traverse@Grid@@QEAA_NAEAVRay@@@Z</DECORATED>
    <FUNCLINE>313</FUNCLINE>
    <PATH></PATH>
  </DEFECT>
  <DEFECT>
    <SFA>
      <FILEPATH>C:\Users\Asus\Documents\Tecnico\Cadeiras2Sem\P3D\P3D\P3D_Template\P3D_Template\</FILEPATH>
      <FILENAME>grid.cpp</FILENAME>
      <LINE>334</LINE>
      <COLUMN>18</COLUMN>
    </SFA>
    <DEFECTCODE>26451</DEFECTCODE>
    <DESCRIPTION>Arithmetic overflow: Using operator '+' on a 4 byte value and then casting the result to a 8 byte value. Cast the value to the wider type before calling operator '+' to avoid overflow (io.2).</DESCRIPTION>
    <FUNCTION>Grid::Traverse</FUNCTION>
    <DECORATED>?Traverse@Grid@@QEAA_NAEAVRay@@@Z</DECORATED>
    <FUNCLINE>313</FUNCLINE>
    <PATH></PATH>
  </DEFECT>
</DEFECTS>