<?xml version="1.0" encoding="UTF-8"?>
<DEFECTS>
  <DEFECT>
    <SFA>
      <FILEPATH>C:\Users\Asus\Documents\Tecnico\Cadeiras2Sem\P3D\P3D\P3D_Template\P3D_Template\</FILEPATH>
      <FILENAME>vector.h</FILENAME>
      <LINE>12</LINE>
      <COLUMN>1</COLUMN>
    </SFA>
    <DEFECTCODE>26495</DEFECTCODE>
    <DESCRIPTION>Variable 'Vector::x' is uninitialized. Always initialize a member variable (type.6).</DESCRIPTION>
    <FUNCTION>Vector::{ctor}</FUNCTION>
    <DECORATED>??0Vector@@QEAA@XZ</DECORATED>
    <FUNCLINE>12</FUNCLINE>
    <ADDITIONALINFO>
      <targetSymbol>Vector::x</targetSymbol>
    </ADDITIONALINFO>
    <PATH></PATH>
  </DEFECT>
  <DEFECT>
    <SFA>
      <FILEPATH>C:\Users\Asus\Documents\Tecnico\Cadeiras2Sem\P3D\P3D\P3D_Template\P3D_Template\</FILEPATH>
      <FILENAME>vector.h</FILENAME>
      <LINE>12</LINE>
      <COLUMN>1</COLUMN>
    </SFA>
    <DEFECTCODE>26495</DEFECTCODE>
    <DESCRIPTION>Variable 'Vector::z' is uninitialized. Always initialize a member variable (type.6).</DESCRIPTION>
    <FUNCTION>Vector::{ctor}</FUNCTION>
    <DECORATED>??0Vector@@QEAA@XZ</DECORATED>
    <FUNCLINE>12</FUNCLINE>
    <ADDITIONALINFO>
      <targetSymbol>Vector::z</targetSymbol>
    </ADDITIONALINFO>
    <PATH></PATH>
  </DEFECT>
  <DEFECT>
    <SFA>
      <FILEPATH>C:\Users\Asus\Documents\Tecnico\Cadeiras2Sem\P3D\P3D\P3D_Template\P3D_Template\</FILEPATH>
      <FILENAME>vector.h</FILENAME>
      <LINE>12</LINE>
      <COLUMN>1</COLUMN>
    </SFA>
    <DEFECTCODE>26495</DEFECTCODE>
    <DESCRIPTION>Variable 'Vector::y' is uninitialized. Always initialize a member variable (type.6).</DESCRIPTION>
    <FUNCTION>Vector::{ctor}</FUNCTION>
    <DECORATED>??0Vector@@QEAA@XZ</DECORATED>
    <FUNCLINE>12</FUNCLINE>
    <ADDITIONALINFO>
      <targetSymbol>Vector::y</targetSymbol>
    </ADDITIONALINFO>
    <PATH></PATH>
  </DEFECT>
  <DEFECT>
    <SFA>
      <FILEPATH>C:\Users\Asus\Documents\Tecnico\Cadeiras2Sem\P3D\P3D\P3D_Template\P3D_Template\</FILEPATH>
      <FILENAME>scene.h</FILENAME>
      <LINE>91</LINE>
      <COLUMN>0</COLUMN>
    </SFA>
    <DEFECTCODE>26495</DEFECTCODE>
    <DESCRIPTION>Variable 'Object::m_Material' is uninitialized. Always initialize a member variable (type.6).</DESCRIPTION>
    <FUNCTION>Object::{ctor}</FUNCTION>
    <DECORATED>??0Object@@QEAA@XZ</DECORATED>
    <FUNCLINE>91</FUNCLINE>
    <ADDITIONALINFO>
      <targetSymbol>Object::m_Material</targetSymbol>
    </ADDITIONALINFO>
    <PATH></PATH>
  </DEFECT>
  <DEFECT>
    <SFA>
      <FILEPATH>C:\Users\Asus\Documents\Tecnico\Cadeiras2Sem\P3D\P3D\P3D_Template\P3D_Template\</FILEPATH>
      <FILENAME>main.cpp</FILENAME>
      <LINE>40</LINE>
      <COLUMN>27</COLUMN>
    </SFA>
    <DEFECTCODE>26812</DEFECTCODE>
    <DESCRIPTION>The enum type 'Accelerator' is unscoped. Prefer 'enum class' over 'enum' (Enum.3).</DESCRIPTION>
    <FUNCTION></FUNCTION>
    <DECORATED></DECORATED>
    <FUNCLINE>0</FUNCLINE>
    <PATH></PATH>
  </DEFECT>
  <DEFECT>
    <SFA>
      <FILEPATH>C:\Users\Asus\Documents\Tecnico\Cadeiras2Sem\P3D\P3D\P3D_Template\P3D_Template\</FILEPATH>
      <FILENAME>main.cpp</FILENAME>
      <LINE>831</LINE>
      <COLUMN>19</COLUMN>
    </SFA>
    <DEFECTCODE>6001</DEFECTCODE>
    <DESCRIPTION>Using uninitialized memory 'alphaAux'.</DESCRIPTION>
    <FUNCTION>processMouseMotion</FUNCTION>
    <DECORATED>?processMouseMotion@@YAXHH@Z</DECORATED>
    <FUNCLINE>798</FUNCLINE>
    <PROBABILITY>1</PROBABILITY>
    <RANK>3</RANK>
    <CATEGORY>
      <RULECATEGORY>mspft</RULECATEGORY>
    </CATEGORY>
    <PATH>
      <SFA>
        <FILEPATH>C:\Users\Asus\Documents\Tecnico\Cadeiras2Sem\P3D\P3D\P3D_Template\P3D_Template\</FILEPATH>
        <FILENAME>main.cpp</FILENAME>
        <LINE>801</LINE>
        <COLUMN>5</COLUMN>
      </SFA>
      <SFA>
        <FILEPATH>C:\Users\Asus\Documents\Tecnico\Cadeiras2Sem\P3D\P3D\P3D_Template\P3D_Template\</FILEPATH>
        <FILENAME>main.cpp</FILENAME>
        <LINE>801</LINE>
        <COLUMN>13</COLUMN>
      </SFA>
      <SFA>
        <FILEPATH>C:\Users\Asus\Documents\Tecnico\Cadeiras2Sem\P3D\P3D\P3D_Template\P3D_Template\</FILEPATH>
        <FILENAME>main.cpp</FILENAME>
        <LINE>802</LINE>
        <COLUMN>7</COLUMN>
        <KEYEVENT>
          <ID>1</ID>
          <KIND>declaration</KIND>
          <IMPORTANCE>Essential</IMPORTANCE>
          <MESSAGE>'alphaAux' is not initialized</MESSAGE>
        </KEYEVENT>
      </SFA>
      <SFA>
        <FILEPATH>C:\Users\Asus\Documents\Tecnico\Cadeiras2Sem\P3D\P3D\P3D_Template\P3D_Template\</FILEPATH>
        <FILENAME>main.cpp</FILENAME>
        <LINE>802</LINE>
        <COLUMN>17</COLUMN>
      </SFA>
      <SFA>
        <FILEPATH>C:\Users\Asus\Documents\Tecnico\Cadeiras2Sem\P3D\P3D\P3D_Template\P3D_Template\</FILEPATH>
        <FILENAME>main.cpp</FILENAME>
        <LINE>803</LINE>
        <COLUMN>7</COLUMN>
      </SFA>
      <SFA>
        <FILEPATH>C:\Users\Asus\Documents\Tecnico\Cadeiras2Sem\P3D\P3D\P3D_Template\P3D_Template\</FILEPATH>
        <FILENAME>main.cpp</FILENAME>
        <LINE>805</LINE>
        <COLUMN>8</COLUMN>
      </SFA>
      <SFA>
        <FILEPATH>C:\Users\Asus\Documents\Tecnico\Cadeiras2Sem\P3D\P3D\P3D_Template\P3D_Template\</FILEPATH>
        <FILENAME>main.cpp</FILENAME>
        <LINE>806</LINE>
        <COLUMN>8</COLUMN>
      </SFA>
      <SFA>
        <FILEPATH>C:\Users\Asus\Documents\Tecnico\Cadeiras2Sem\P3D\P3D\P3D_Template\P3D_Template\</FILEPATH>
        <FILENAME>main.cpp</FILENAME>
        <LINE>809</LINE>
        <COLUMN>14</COLUMN>
        <KEYEVENT>
          <ID>2</ID>
          <KIND>branch</KIND>
          <IMPORTANCE>Full</IMPORTANCE>
          <MESSAGE>Skip this branch, (assume 'tracking==1' is false)</MESSAGE>
        </KEYEVENT>
      </SFA>
      <SFA>
        <FILEPATH>C:\Users\Asus\Documents\Tecnico\Cadeiras2Sem\P3D\P3D\P3D_Template\P3D_Template\</FILEPATH>
        <FILENAME>main.cpp</FILENAME>
        <LINE>822</LINE>
        <COLUMN>19</COLUMN>
        <KEYEVENT>
          <ID>3</ID>
          <KIND>branch</KIND>
          <IMPORTANCE>Full</IMPORTANCE>
          <MESSAGE>Skip this branch, (assume 'tracking==2' is false)</MESSAGE>
        </KEYEVENT>
      </SFA>
      <SFA>
        <FILEPATH>C:\Users\Asus\Documents\Tecnico\Cadeiras2Sem\P3D\P3D\P3D_Template\P3D_Template\</FILEPATH>
        <FILENAME>main.cpp</FILENAME>
        <LINE>831</LINE>
        <COLUMN>6</COLUMN>
      </SFA>
      <SFA>
        <FILEPATH>C:\Users\Asus\Documents\Tecnico\Cadeiras2Sem\P3D\P3D\P3D_Template\P3D_Template\</FILEPATH>
        <FILENAME>main.cpp</FILENAME>
        <LINE>832</LINE>
        <COLUMN>6</COLUMN>
      </SFA>
      <SFA>
        <FILEPATH>C:\Users\Asus\Documents\Tecnico\Cadeiras2Sem\P3D\P3D\P3D_Template\P3D_Template\</FILEPATH>
        <FILENAME>main.cpp</FILENAME>
        <LINE>833</LINE>
        <COLUMN>6</COLUMN>
      </SFA>
      <SFA>
        <FILEPATH>C:\Users\Asus\Documents\Tecnico\Cadeiras2Sem\P3D\P3D\P3D_Template\P3D_Template\</FILEPATH>
        <FILENAME>main.cpp</FILENAME>
        <LINE>834</LINE>
        <COLUMN>0</COLUMN>
      </SFA>
      <SFA>
        <FILEPATH>C:\Users\Asus\Documents\Tecnico\Cadeiras2Sem\P3D\P3D\P3D_Template\P3D_Template\</FILEPATH>
        <FILENAME>main.cpp</FILENAME>
        <LINE>831</LINE>
        <COLUMN>19</COLUMN>
        <KEYEVENT>
          <ID>4</ID>
          <KIND>usage</KIND>
          <IMPORTANCE>Essential</IMPORTANCE>
          <MESSAGE>'alphaAux' is used, but may not have been initialized</MESSAGE>
        </KEYEVENT>
      </SFA>
    </PATH>
  </DEFECT>
  <DEFECT>
    <SFA>
      <FILEPATH>C:\Users\Asus\Documents\Tecnico\Cadeiras2Sem\P3D\P3D\P3D_Template\P3D_Template\</FILEPATH>
      <FILENAME>main.cpp</FILENAME>
      <LINE>831</LINE>
      <COLUMN>52</COLUMN>
    </SFA>
    <DEFECTCODE>6001</DEFECTCODE>
    <DESCRIPTION>Using uninitialized memory 'betaAux'.</DESCRIPTION>
    <FUNCTION>processMouseMotion</FUNCTION>
    <DECORATED>?processMouseMotion@@YAXHH@Z</DECORATED>
    <FUNCLINE>798</FUNCLINE>
    <PROBABILITY>1</PROBABILITY>
    <RANK>3</RANK>
    <CATEGORY>
      <RULECATEGORY>mspft</RULECATEGORY>
    </CATEGORY>
    <PATH>
      <SFA>
        <FILEPATH>C:\Users\Asus\Documents\Tecnico\Cadeiras2Sem\P3D\P3D\P3D_Template\P3D_Template\</FILEPATH>
        <FILENAME>main.cpp</FILENAME>
        <LINE>801</LINE>
        <COLUMN>5</COLUMN>
      </SFA>
      <SFA>
        <FILEPATH>C:\Users\Asus\Documents\Tecnico\Cadeiras2Sem\P3D\P3D\P3D_Template\P3D_Template\</FILEPATH>
        <FILENAME>main.cpp</FILENAME>
        <LINE>801</LINE>
        <COLUMN>13</COLUMN>
      </SFA>
      <SFA>
        <FILEPATH>C:\Users\Asus\Documents\Tecnico\Cadeiras2Sem\P3D\P3D\P3D_Template\P3D_Template\</FILEPATH>
        <FILENAME>main.cpp</FILENAME>
        <LINE>802</LINE>
        <COLUMN>7</COLUMN>
      </SFA>
      <SFA>
        <FILEPATH>C:\Users\Asus\Documents\Tecnico\Cadeiras2Sem\P3D\P3D\P3D_Template\P3D_Template\</FILEPATH>
        <FILENAME>main.cpp</FILENAME>
        <LINE>802</LINE>
        <COLUMN>17</COLUMN>
        <KEYEVENT>
          <ID>1</ID>
          <KIND>declaration</KIND>
          <IMPORTANCE>Essential</IMPORTANCE>
          <MESSAGE>'betaAux' is not initialized</MESSAGE>
        </KEYEVENT>
      </SFA>
      <SFA>
        <FILEPATH>C:\Users\Asus\Documents\Tecnico\Cadeiras2Sem\P3D\P3D\P3D_Template\P3D_Template\</FILEPATH>
        <FILENAME>main.cpp</FILENAME>
        <LINE>803</LINE>
        <COLUMN>7</COLUMN>
      </SFA>
      <SFA>
        <FILEPATH>C:\Users\Asus\Documents\Tecnico\Cadeiras2Sem\P3D\P3D\P3D_Template\P3D_Template\</FILEPATH>
        <FILENAME>main.cpp</FILENAME>
        <LINE>805</LINE>
        <COLUMN>8</COLUMN>
      </SFA>
      <SFA>
        <FILEPATH>C:\Users\Asus\Documents\Tecnico\Cadeiras2Sem\P3D\P3D\P3D_Template\P3D_Template\</FILEPATH>
        <FILENAME>main.cpp</FILENAME>
        <LINE>806</LINE>
        <COLUMN>8</COLUMN>
      </SFA>
      <SFA>
        <FILEPATH>C:\Users\Asus\Documents\Tecnico\Cadeiras2Sem\P3D\P3D\P3D_Template\P3D_Template\</FILEPATH>
        <FILENAME>main.cpp</FILENAME>
        <LINE>809</LINE>
        <COLUMN>14</COLUMN>
        <KEYEVENT>
          <ID>2</ID>
          <KIND>branch</KIND>
          <IMPORTANCE>Full</IMPORTANCE>
          <MESSAGE>Skip this branch, (assume 'tracking==1' is false)</MESSAGE>
        </KEYEVENT>
      </SFA>
      <SFA>
        <FILEPATH>C:\Users\Asus\Documents\Tecnico\Cadeiras2Sem\P3D\P3D\P3D_Template\P3D_Template\</FILEPATH>
        <FILENAME>main.cpp</FILENAME>
        <LINE>822</LINE>
        <COLUMN>19</COLUMN>
        <KEYEVENT>
          <ID>3</ID>
          <KIND>branch</KIND>
          <IMPORTANCE>Full</IMPORTANCE>
          <MESSAGE>Skip this branch, (assume 'tracking==2' is false)</MESSAGE>
        </KEYEVENT>
      </SFA>
      <SFA>
        <FILEPATH>C:\Users\Asus\Documents\Tecnico\Cadeiras2Sem\P3D\P3D\P3D_Template\P3D_Template\</FILEPATH>
        <FILENAME>main.cpp</FILENAME>
        <LINE>831</LINE>
        <COLUMN>6</COLUMN>
      </SFA>
      <SFA>
        <FILEPATH>C:\Users\Asus\Documents\Tecnico\Cadeiras2Sem\P3D\P3D\P3D_Template\P3D_Template\</FILEPATH>
        <FILENAME>main.cpp</FILENAME>
        <LINE>832</LINE>
        <COLUMN>6</COLUMN>
      </SFA>
      <SFA>
        <FILEPATH>C:\Users\Asus\Documents\Tecnico\Cadeiras2Sem\P3D\P3D\P3D_Template\P3D_Template\</FILEPATH>
        <FILENAME>main.cpp</FILENAME>
        <LINE>833</LINE>
        <COLUMN>6</COLUMN>
      </SFA>
      <SFA>
        <FILEPATH>C:\Users\Asus\Documents\Tecnico\Cadeiras2Sem\P3D\P3D\P3D_Template\P3D_Template\</FILEPATH>
        <FILENAME>main.cpp</FILENAME>
        <LINE>834</LINE>
        <COLUMN>0</COLUMN>
      </SFA>
      <SFA>
        <FILEPATH>C:\Users\Asus\Documents\Tecnico\Cadeiras2Sem\P3D\P3D\P3D_Template\P3D_Template\</FILEPATH>
        <FILENAME>main.cpp</FILENAME>
        <LINE>831</LINE>
        <COLUMN>52</COLUMN>
        <KEYEVENT>
          <ID>4</ID>
          <KIND>usage</KIND>
          <IMPORTANCE>Essential</IMPORTANCE>
          <MESSAGE>'betaAux' is used, but may not have been initialized</MESSAGE>
        </KEYEVENT>
      </SFA>
    </PATH>
  </DEFECT>
  <DEFECT>
    <SFA>
      <FILEPATH>C:\Users\Asus\Documents\Tecnico\Cadeiras2Sem\P3D\P3D\P3D_Template\P3D_Template\</FILEPATH>
      <FILENAME>main.cpp</FILENAME>
      <LINE>831</LINE>
      <COLUMN>8</COLUMN>
    </SFA>
    <DEFECTCODE>6001</DEFECTCODE>
    <DESCRIPTION>Using uninitialized memory 'rAux'.</DESCRIPTION>
    <FUNCTION>processMouseMotion</FUNCTION>
    <DECORATED>?processMouseMotion@@YAXHH@Z</DECORATED>
    <FUNCLINE>798</FUNCLINE>
    <PROBABILITY>1</PROBABILITY>
    <RANK>3</RANK>
    <CATEGORY>
      <RULECATEGORY>mspft</RULECATEGORY>
    </CATEGORY>
    <PATH>
      <SFA>
        <FILEPATH>C:\Users\Asus\Documents\Tecnico\Cadeiras2Sem\P3D\P3D\P3D_Template\P3D_Template\</FILEPATH>
        <FILENAME>main.cpp</FILENAME>
        <LINE>801</LINE>
        <COLUMN>5</COLUMN>
      </SFA>
      <SFA>
        <FILEPATH>C:\Users\Asus\Documents\Tecnico\Cadeiras2Sem\P3D\P3D\P3D_Template\P3D_Template\</FILEPATH>
        <FILENAME>main.cpp</FILENAME>
        <LINE>801</LINE>
        <COLUMN>13</COLUMN>
      </SFA>
      <SFA>
        <FILEPATH>C:\Users\Asus\Documents\Tecnico\Cadeiras2Sem\P3D\P3D\P3D_Template\P3D_Template\</FILEPATH>
        <FILENAME>main.cpp</FILENAME>
        <LINE>802</LINE>
        <COLUMN>7</COLUMN>
      </SFA>
      <SFA>
        <FILEPATH>C:\Users\Asus\Documents\Tecnico\Cadeiras2Sem\P3D\P3D\P3D_Template\P3D_Template\</FILEPATH>
        <FILENAME>main.cpp</FILENAME>
        <LINE>802</LINE>
        <COLUMN>17</COLUMN>
      </SFA>
      <SFA>
        <FILEPATH>C:\Users\Asus\Documents\Tecnico\Cadeiras2Sem\P3D\P3D\P3D_Template\P3D_Template\</FILEPATH>
        <FILENAME>main.cpp</FILENAME>
        <LINE>803</LINE>
        <COLUMN>7</COLUMN>
        <KEYEVENT>
          <ID>1</ID>
          <KIND>declaration</KIND>
          <IMPORTANCE>Essential</IMPORTANCE>
          <MESSAGE>'rAux' is not initialized</MESSAGE>
        </KEYEVENT>
      </SFA>
      <SFA>
        <FILEPATH>C:\Users\Asus\Documents\Tecnico\Cadeiras2Sem\P3D\P3D\P3D_Template\P3D_Template\</FILEPATH>
        <FILENAME>main.cpp</FILENAME>
        <LINE>805</LINE>
        <COLUMN>8</COLUMN>
      </SFA>
      <SFA>
        <FILEPATH>C:\Users\Asus\Documents\Tecnico\Cadeiras2Sem\P3D\P3D\P3D_Template\P3D_Template\</FILEPATH>
        <FILENAME>main.cpp</FILENAME>
        <LINE>806</LINE>
        <COLUMN>8</COLUMN>
      </SFA>
      <SFA>
        <FILEPATH>C:\Users\Asus\Documents\Tecnico\Cadeiras2Sem\P3D\P3D\P3D_Template\P3D_Template\</FILEPATH>
        <FILENAME>main.cpp</FILENAME>
        <LINE>809</LINE>
        <COLUMN>14</COLUMN>
        <KEYEVENT>
          <ID>2</ID>
          <KIND>branch</KIND>
          <IMPORTANCE>Full</IMPORTANCE>
          <MESSAGE>Skip this branch, (assume 'tracking==1' is false)</MESSAGE>
        </KEYEVENT>
      </SFA>
      <SFA>
        <FILEPATH>C:\Users\Asus\Documents\Tecnico\Cadeiras2Sem\P3D\P3D\P3D_Template\P3D_Template\</FILEPATH>
        <FILENAME>main.cpp</FILENAME>
        <LINE>822</LINE>
        <COLUMN>19</COLUMN>
        <KEYEVENT>
          <ID>3</ID>
          <KIND>branch</KIND>
          <IMPORTANCE>Full</IMPORTANCE>
          <MESSAGE>Skip this branch, (assume 'tracking==2' is false)</MESSAGE>
        </KEYEVENT>
      </SFA>
      <SFA>
        <FILEPATH>C:\Users\Asus\Documents\Tecnico\Cadeiras2Sem\P3D\P3D\P3D_Template\P3D_Template\</FILEPATH>
        <FILENAME>main.cpp</FILENAME>
        <LINE>831</LINE>
        <COLUMN>6</COLUMN>
      </SFA>
      <SFA>
        <FILEPATH>C:\Users\Asus\Documents\Tecnico\Cadeiras2Sem\P3D\P3D\P3D_Template\P3D_Template\</FILEPATH>
        <FILENAME>main.cpp</FILENAME>
        <LINE>832</LINE>
        <COLUMN>6</COLUMN>
      </SFA>
      <SFA>
        <FILEPATH>C:\Users\Asus\Documents\Tecnico\Cadeiras2Sem\P3D\P3D\P3D_Template\P3D_Template\</FILEPATH>
        <FILENAME>main.cpp</FILENAME>
        <LINE>833</LINE>
        <COLUMN>6</COLUMN>
      </SFA>
      <SFA>
        <FILEPATH>C:\Users\Asus\Documents\Tecnico\Cadeiras2Sem\P3D\P3D\P3D_Template\P3D_Template\</FILEPATH>
        <FILENAME>main.cpp</FILENAME>
        <LINE>834</LINE>
        <COLUMN>0</COLUMN>
      </SFA>
      <SFA>
        <FILEPATH>C:\Users\Asus\Documents\Tecnico\Cadeiras2Sem\P3D\P3D\P3D_Template\P3D_Template\</FILEPATH>
        <FILENAME>main.cpp</FILENAME>
        <LINE>831</LINE>
        <COLUMN>8</COLUMN>
        <KEYEVENT>
          <ID>4</ID>
          <KIND>usage</KIND>
          <IMPORTANCE>Essential</IMPORTANCE>
          <MESSAGE>'rAux' is used, but may not have been initialized</MESSAGE>
        </KEYEVENT>
      </SFA>
    </PATH>
  </DEFECT>
  <DEFECT>
    <SFA>
      <FILEPATH>C:\Users\Asus\Documents\Tecnico\Cadeiras2Sem\P3D\P3D\P3D_Template\P3D_Template\</FILEPATH>
      <FILENAME>main.cpp</FILENAME>
      <LINE>982</LINE>
      <COLUMN>36</COLUMN>
    </SFA>
    <DEFECTCODE>26451</DEFECTCODE>
    <DESCRIPTION>Arithmetic overflow: Using operator '*' on a 4 byte value and then casting the result to a 8 byte value. Cast the value to the wider type before calling operator '*' to avoid overflow (io.2).</DESCRIPTION>
    <FUNCTION>init_scene</FUNCTION>
    <DECORATED>?init_scene@@YAXXZ</DECORATED>
    <FUNCLINE>922</FUNCLINE>
    <PATH></PATH>
  </DEFECT>
  <DEFECT>
    <SFA>
      <FILEPATH>C:\Users\Asus\Documents\Tecnico\Cadeiras2Sem\P3D\P3D\P3D_Template\P3D_Template\</FILEPATH>
      <FILENAME>main.cpp</FILENAME>
      <LINE>982</LINE>
      <COLUMN>30</COLUMN>
    </SFA>
    <DEFECTCODE>26451</DEFECTCODE>
    <DESCRIPTION>Arithmetic overflow: Using operator '*' on a 4 byte value and then casting the result to a 8 byte value. Cast the value to the wider type before calling operator '*' to avoid overflow (io.2).</DESCRIPTION>
    <FUNCTION>init_scene</FUNCTION>
    <DECORATED>?init_scene@@YAXXZ</DECORATED>
    <FUNCLINE>922</FUNCLINE>
    <PATH></PATH>
  </DEFECT>
  <DEFECT>
    <SFA>
      <FILEPATH>C:\Users\Asus\Documents\Tecnico\Cadeiras2Sem\P3D\P3D\P3D_Template\P3D_Template\</FILEPATH>
      <FILENAME>main.cpp</FILENAME>
      <LINE>1008</LINE>
      <COLUMN>10</COLUMN>
    </SFA>
    <DEFECTCODE>6001</DEFECTCODE>
    <DESCRIPTION>Using uninitialized memory 'scene'.</DESCRIPTION>
    <FUNCTION>main</FUNCTION>
    <DECORATED>main</DECORATED>
    <FUNCLINE>986</FUNCLINE>
    <PROBABILITY>1</PROBABILITY>
    <RANK>3</RANK>
    <CATEGORY>
      <RULECATEGORY>mspft</RULECATEGORY>
    </CATEGORY>
    <PATH>
      <SFA>
        <FILEPATH>C:\Users\Asus\Documents\Tecnico\Cadeiras2Sem\P3D\P3D\P3D_Template\P3D_Template\</FILEPATH>
        <FILENAME>main.cpp</FILENAME>
        <LINE>989</LINE>
        <COLUMN>34</COLUMN>
      </SFA>
      <SFA>
        <FILEPATH>C:\Users\Asus\Documents\Tecnico\Cadeiras2Sem\P3D\P3D\P3D_Template\P3D_Template\</FILEPATH>
        <FILENAME>main.cpp</FILENAME>
        <LINE>994</LINE>
        <COLUMN>7</COLUMN>
      </SFA>
      <SFA>
        <FILEPATH>C:\Users\Asus\Documents\Tecnico\Cadeiras2Sem\P3D\P3D\P3D_Template\P3D_Template\</FILEPATH>
        <FILENAME>main.cpp</FILENAME>
        <LINE>996</LINE>
        <COLUMN>5</COLUMN>
      </SFA>
      <SFA>
        <FILEPATH>C:\Users\Asus\Documents\Tecnico\Cadeiras2Sem\P3D\P3D\P3D_Template\P3D_Template\</FILEPATH>
        <FILENAME>main.cpp</FILENAME>
        <LINE>997</LINE>
        <COLUMN>5</COLUMN>
      </SFA>
      <SFA>
        <FILEPATH>C:\Users\Asus\Documents\Tecnico\Cadeiras2Sem\P3D\P3D\P3D_Template\P3D_Template\</FILEPATH>
        <FILENAME>main.cpp</FILENAME>
        <LINE>1000</LINE>
        <COLUMN>13</COLUMN>
      </SFA>
      <SFA>
        <FILEPATH>C:\Users\Asus\Documents\Tecnico\Cadeiras2Sem\P3D\P3D\P3D_Template\P3D_Template\</FILEPATH>
        <FILENAME>main.cpp</FILENAME>
        <LINE>1001</LINE>
        <COLUMN>8</COLUMN>
      </SFA>
      <SFA>
        <FILEPATH>C:\Users\Asus\Documents\Tecnico\Cadeiras2Sem\P3D\P3D\P3D_Template\P3D_Template\</FILEPATH>
        <FILENAME>main.cpp</FILENAME>
        <LINE>1002</LINE>
        <COLUMN>14</COLUMN>
      </SFA>
      <SFA>
        <FILEPATH>C:\Users\Asus\Documents\Tecnico\Cadeiras2Sem\P3D\P3D\P3D_Template\P3D_Template\</FILEPATH>
        <FILENAME>main.cpp</FILENAME>
        <LINE>1003</LINE>
        <COLUMN>8</COLUMN>
      </SFA>
      <SFA>
        <FILEPATH>C:\Users\Asus\Documents\Tecnico\Cadeiras2Sem\P3D\P3D\P3D_Template\P3D_Template\</FILEPATH>
        <FILENAME>main.cpp</FILENAME>
        <LINE>1004</LINE>
        <COLUMN>8</COLUMN>
      </SFA>
      <SFA>
        <FILEPATH>C:\Users\Asus\Documents\Tecnico\Cadeiras2Sem\P3D\P3D\P3D_Template\P3D_Template\</FILEPATH>
        <FILENAME>main.cpp</FILENAME>
        <LINE>1005</LINE>
        <COLUMN>9</COLUMN>
      </SFA>
      <SFA>
        <FILEPATH>C:\Users\Asus\Documents\Tecnico\Cadeiras2Sem\P3D\P3D\P3D_Template\P3D_Template\</FILEPATH>
        <FILENAME>main.cpp</FILENAME>
        <LINE>1006</LINE>
        <COLUMN>7</COLUMN>
      </SFA>
      <SFA>
        <FILEPATH>C:\Users\Asus\Documents\Tecnico\Cadeiras2Sem\P3D\P3D\P3D_Template\P3D_Template\</FILEPATH>
        <FILENAME>main.cpp</FILENAME>
        <LINE>1007</LINE>
        <COLUMN>8</COLUMN>
      </SFA>
      <SFA>
        <FILEPATH>C:\Users\Asus\Documents\Tecnico\Cadeiras2Sem\P3D\P3D\P3D_Template\P3D_Template\</FILEPATH>
        <FILENAME>main.cpp</FILENAME>
        <LINE>1008</LINE>
        <COLUMN>3</COLUMN>
      </SFA>
      <SFA>
        <FILEPATH>C:\Users\Asus\Documents\Tecnico\Cadeiras2Sem\P3D\P3D\P3D_Template\P3D_Template\</FILEPATH>
        <FILENAME>main.cpp</FILENAME>
        <LINE>1009</LINE>
        <COLUMN>7</COLUMN>
      </SFA>
      <SFA>
        <FILEPATH>C:\Users\Asus\Documents\Tecnico\Cadeiras2Sem\P3D\P3D\P3D_Template\P3D_Template\</FILEPATH>
        <FILENAME>main.cpp</FILENAME>
        <LINE>1010</LINE>
        <COLUMN>6</COLUMN>
      </SFA>
      <SFA>
        <FILEPATH>C:\Users\Asus\Documents\Tecnico\Cadeiras2Sem\P3D\P3D\P3D_Template\P3D_Template\</FILEPATH>
        <FILENAME>main.cpp</FILENAME>
        <LINE>1011</LINE>
        <COLUMN>23</COLUMN>
      </SFA>
      <SFA>
        <FILEPATH>C:\Users\Asus\Documents\Tecnico\Cadeiras2Sem\P3D\P3D\P3D_Template\P3D_Template\</FILEPATH>
        <FILENAME>main.cpp</FILENAME>
        <LINE>1000</LINE>
        <COLUMN>13</COLUMN>
      </SFA>
      <SFA>
        <FILEPATH>C:\Users\Asus\Documents\Tecnico\Cadeiras2Sem\P3D\P3D\P3D_Template\P3D_Template\</FILEPATH>
        <FILENAME>main.cpp</FILENAME>
        <LINE>1001</LINE>
        <COLUMN>8</COLUMN>
      </SFA>
      <SFA>
        <FILEPATH>C:\Users\Asus\Documents\Tecnico\Cadeiras2Sem\P3D\P3D\P3D_Template\P3D_Template\</FILEPATH>
        <FILENAME>main.cpp</FILENAME>
        <LINE>1002</LINE>
        <COLUMN>14</COLUMN>
      </SFA>
      <SFA>
        <FILEPATH>C:\Users\Asus\Documents\Tecnico\Cadeiras2Sem\P3D\P3D\P3D_Template\P3D_Template\</FILEPATH>
        <FILENAME>main.cpp</FILENAME>
        <LINE>1003</LINE>
        <COLUMN>8</COLUMN>
      </SFA>
      <SFA>
        <FILEPATH>C:\Users\Asus\Documents\Tecnico\Cadeiras2Sem\P3D\P3D\P3D_Template\P3D_Template\</FILEPATH>
        <FILENAME>main.cpp</FILENAME>
        <LINE>1004</LINE>
        <COLUMN>8</COLUMN>
      </SFA>
      <SFA>
        <FILEPATH>C:\Users\Asus\Documents\Tecnico\Cadeiras2Sem\P3D\P3D\P3D_Template\P3D_Template\</FILEPATH>
        <FILENAME>main.cpp</FILENAME>
        <LINE>1005</LINE>
        <COLUMN>9</COLUMN>
      </SFA>
      <SFA>
        <FILEPATH>C:\Users\Asus\Documents\Tecnico\Cadeiras2Sem\P3D\P3D\P3D_Template\P3D_Template\</FILEPATH>
        <FILENAME>main.cpp</FILENAME>
        <LINE>1006</LINE>
        <COLUMN>7</COLUMN>
      </SFA>
      <SFA>
        <FILEPATH>C:\Users\Asus\Documents\Tecnico\Cadeiras2Sem\P3D\P3D\P3D_Template\P3D_Template\</FILEPATH>
        <FILENAME>main.cpp</FILENAME>
        <LINE>1007</LINE>
        <COLUMN>8</COLUMN>
      </SFA>
      <SFA>
        <FILEPATH>C:\Users\Asus\Documents\Tecnico\Cadeiras2Sem\P3D\P3D\P3D_Template\P3D_Template\</FILEPATH>
        <FILENAME>main.cpp</FILENAME>
        <LINE>1008</LINE>
        <COLUMN>3</COLUMN>
        <KEYEVENT>
          <ID>1</ID>
          <KIND>declaration</KIND>
          <IMPORTANCE>Essential</IMPORTANCE>
          <MESSAGE>'scene' is not initialized</MESSAGE>
        </KEYEVENT>
      </SFA>
      <SFA>
        <FILEPATH>C:\Users\Asus\Documents\Tecnico\Cadeiras2Sem\P3D\P3D\P3D_Template\P3D_Template\</FILEPATH>
        <FILENAME>main.cpp</FILENAME>
        <LINE>1009</LINE>
        <COLUMN>7</COLUMN>
      </SFA>
      <SFA>
        <FILEPATH>C:\Users\Asus\Documents\Tecnico\Cadeiras2Sem\P3D\P3D\P3D_Template\P3D_Template\</FILEPATH>
        <FILENAME>main.cpp</FILENAME>
        <LINE>1010</LINE>
        <COLUMN>6</COLUMN>
      </SFA>
      <SFA>
        <FILEPATH>C:\Users\Asus\Documents\Tecnico\Cadeiras2Sem\P3D\P3D\P3D_Template\P3D_Template\</FILEPATH>
        <FILENAME>main.cpp</FILENAME>
        <LINE>1008</LINE>
        <COLUMN>10</COLUMN>
        <KEYEVENT>
          <ID>2</ID>
          <KIND>usage</KIND>
          <IMPORTANCE>Essential</IMPORTANCE>
          <MESSAGE>'scene' is used, but may not have been initialized</MESSAGE>
        </KEYEVENT>
      </SFA>
    </PATH>
  </DEFECT>
  <DEFECT>
    <SFA>
      <FILEPATH>C:\Users\Asus\Documents\Tecnico\Cadeiras2Sem\P3D\P3D\P3D_Template\P3D_Template\</FILEPATH>
      <FILENAME>main.cpp</FILENAME>
      <LINE>1009</LINE>
      <COLUMN>8</COLUMN>
    </SFA>
    <DEFECTCODE>6001</DEFECTCODE>
    <DESCRIPTION>Using uninitialized memory 'img_Data'.</DESCRIPTION>
    <FUNCTION>main</FUNCTION>
    <DECORATED>main</DECORATED>
    <FUNCLINE>986</FUNCLINE>
    <PROBABILITY>1</PROBABILITY>
    <RANK>3</RANK>
    <CATEGORY>
      <RULECATEGORY>mspft</RULECATEGORY>
    </CATEGORY>
    <PATH>
      <SFA>
        <FILEPATH>C:\Users\Asus\Documents\Tecnico\Cadeiras2Sem\P3D\P3D\P3D_Template\P3D_Template\</FILEPATH>
        <FILENAME>main.cpp</FILENAME>
        <LINE>989</LINE>
        <COLUMN>34</COLUMN>
      </SFA>
      <SFA>
        <FILEPATH>C:\Users\Asus\Documents\Tecnico\Cadeiras2Sem\P3D\P3D\P3D_Template\P3D_Template\</FILEPATH>
        <FILENAME>main.cpp</FILENAME>
        <LINE>994</LINE>
        <COLUMN>7</COLUMN>
      </SFA>
      <SFA>
        <FILEPATH>C:\Users\Asus\Documents\Tecnico\Cadeiras2Sem\P3D\P3D\P3D_Template\P3D_Template\</FILEPATH>
        <FILENAME>main.cpp</FILENAME>
        <LINE>996</LINE>
        <COLUMN>5</COLUMN>
      </SFA>
      <SFA>
        <FILEPATH>C:\Users\Asus\Documents\Tecnico\Cadeiras2Sem\P3D\P3D\P3D_Template\P3D_Template\</FILEPATH>
        <FILENAME>main.cpp</FILENAME>
        <LINE>997</LINE>
        <COLUMN>5</COLUMN>
      </SFA>
      <SFA>
        <FILEPATH>C:\Users\Asus\Documents\Tecnico\Cadeiras2Sem\P3D\P3D\P3D_Template\P3D_Template\</FILEPATH>
        <FILENAME>main.cpp</FILENAME>
        <LINE>1000</LINE>
        <COLUMN>13</COLUMN>
      </SFA>
      <SFA>
        <FILEPATH>C:\Users\Asus\Documents\Tecnico\Cadeiras2Sem\P3D\P3D\P3D_Template\P3D_Template\</FILEPATH>
        <FILENAME>main.cpp</FILENAME>
        <LINE>1001</LINE>
        <COLUMN>8</COLUMN>
      </SFA>
      <SFA>
        <FILEPATH>C:\Users\Asus\Documents\Tecnico\Cadeiras2Sem\P3D\P3D\P3D_Template\P3D_Template\</FILEPATH>
        <FILENAME>main.cpp</FILENAME>
        <LINE>1002</LINE>
        <COLUMN>14</COLUMN>
      </SFA>
      <SFA>
        <FILEPATH>C:\Users\Asus\Documents\Tecnico\Cadeiras2Sem\P3D\P3D\P3D_Template\P3D_Template\</FILEPATH>
        <FILENAME>main.cpp</FILENAME>
        <LINE>1003</LINE>
        <COLUMN>8</COLUMN>
      </SFA>
      <SFA>
        <FILEPATH>C:\Users\Asus\Documents\Tecnico\Cadeiras2Sem\P3D\P3D\P3D_Template\P3D_Template\</FILEPATH>
        <FILENAME>main.cpp</FILENAME>
        <LINE>1004</LINE>
        <COLUMN>8</COLUMN>
      </SFA>
      <SFA>
        <FILEPATH>C:\Users\Asus\Documents\Tecnico\Cadeiras2Sem\P3D\P3D\P3D_Template\P3D_Template\</FILEPATH>
        <FILENAME>main.cpp</FILENAME>
        <LINE>1005</LINE>
        <COLUMN>9</COLUMN>
      </SFA>
      <SFA>
        <FILEPATH>C:\Users\Asus\Documents\Tecnico\Cadeiras2Sem\P3D\P3D\P3D_Template\P3D_Template\</FILEPATH>
        <FILENAME>main.cpp</FILENAME>
        <LINE>1006</LINE>
        <COLUMN>7</COLUMN>
      </SFA>
      <SFA>
        <FILEPATH>C:\Users\Asus\Documents\Tecnico\Cadeiras2Sem\P3D\P3D\P3D_Template\P3D_Template\</FILEPATH>
        <FILENAME>main.cpp</FILENAME>
        <LINE>1007</LINE>
        <COLUMN>8</COLUMN>
      </SFA>
      <SFA>
        <FILEPATH>C:\Users\Asus\Documents\Tecnico\Cadeiras2Sem\P3D\P3D\P3D_Template\P3D_Template\</FILEPATH>
        <FILENAME>main.cpp</FILENAME>
        <LINE>1008</LINE>
        <COLUMN>3</COLUMN>
      </SFA>
      <SFA>
        <FILEPATH>C:\Users\Asus\Documents\Tecnico\Cadeiras2Sem\P3D\P3D\P3D_Template\P3D_Template\</FILEPATH>
        <FILENAME>main.cpp</FILENAME>
        <LINE>1009</LINE>
        <COLUMN>7</COLUMN>
      </SFA>
      <SFA>
        <FILEPATH>C:\Users\Asus\Documents\Tecnico\Cadeiras2Sem\P3D\P3D\P3D_Template\P3D_Template\</FILEPATH>
        <FILENAME>main.cpp</FILENAME>
        <LINE>1010</LINE>
        <COLUMN>6</COLUMN>
      </SFA>
      <SFA>
        <FILEPATH>C:\Users\Asus\Documents\Tecnico\Cadeiras2Sem\P3D\P3D\P3D_Template\P3D_Template\</FILEPATH>
        <FILENAME>main.cpp</FILENAME>
        <LINE>1011</LINE>
        <COLUMN>23</COLUMN>
      </SFA>
      <SFA>
        <FILEPATH>C:\Users\Asus\Documents\Tecnico\Cadeiras2Sem\P3D\P3D\P3D_Template\P3D_Template\</FILEPATH>
        <FILENAME>main.cpp</FILENAME>
        <LINE>1000</LINE>
        <COLUMN>13</COLUMN>
      </SFA>
      <SFA>
        <FILEPATH>C:\Users\Asus\Documents\Tecnico\Cadeiras2Sem\P3D\P3D\P3D_Template\P3D_Template\</FILEPATH>
        <FILENAME>main.cpp</FILENAME>
        <LINE>1001</LINE>
        <COLUMN>8</COLUMN>
      </SFA>
      <SFA>
        <FILEPATH>C:\Users\Asus\Documents\Tecnico\Cadeiras2Sem\P3D\P3D\P3D_Template\P3D_Template\</FILEPATH>
        <FILENAME>main.cpp</FILENAME>
        <LINE>1002</LINE>
        <COLUMN>14</COLUMN>
      </SFA>
      <SFA>
        <FILEPATH>C:\Users\Asus\Documents\Tecnico\Cadeiras2Sem\P3D\P3D\P3D_Template\P3D_Template\</FILEPATH>
        <FILENAME>main.cpp</FILENAME>
        <LINE>1003</LINE>
        <COLUMN>8</COLUMN>
      </SFA>
      <SFA>
        <FILEPATH>C:\Users\Asus\Documents\Tecnico\Cadeiras2Sem\P3D\P3D\P3D_Template\P3D_Template\</FILEPATH>
        <FILENAME>main.cpp</FILENAME>
        <LINE>1004</LINE>
        <COLUMN>8</COLUMN>
      </SFA>
      <SFA>
        <FILEPATH>C:\Users\Asus\Documents\Tecnico\Cadeiras2Sem\P3D\P3D\P3D_Template\P3D_Template\</FILEPATH>
        <FILENAME>main.cpp</FILENAME>
        <LINE>1005</LINE>
        <COLUMN>9</COLUMN>
      </SFA>
      <SFA>
        <FILEPATH>C:\Users\Asus\Documents\Tecnico\Cadeiras2Sem\P3D\P3D\P3D_Template\P3D_Template\</FILEPATH>
        <FILENAME>main.cpp</FILENAME>
        <LINE>1006</LINE>
        <COLUMN>7</COLUMN>
      </SFA>
      <SFA>
        <FILEPATH>C:\Users\Asus\Documents\Tecnico\Cadeiras2Sem\P3D\P3D\P3D_Template\P3D_Template\</FILEPATH>
        <FILENAME>main.cpp</FILENAME>
        <LINE>1007</LINE>
        <COLUMN>8</COLUMN>
      </SFA>
      <SFA>
        <FILEPATH>C:\Users\Asus\Documents\Tecnico\Cadeiras2Sem\P3D\P3D\P3D_Template\P3D_Template\</FILEPATH>
        <FILENAME>main.cpp</FILENAME>
        <LINE>1008</LINE>
        <COLUMN>3</COLUMN>
      </SFA>
      <SFA>
        <FILEPATH>C:\Users\Asus\Documents\Tecnico\Cadeiras2Sem\P3D\P3D\P3D_Template\P3D_Template\</FILEPATH>
        <FILENAME>main.cpp</FILENAME>
        <LINE>1009</LINE>
        <COLUMN>7</COLUMN>
        <KEYEVENT>
          <ID>1</ID>
          <KIND>declaration</KIND>
          <IMPORTANCE>Essential</IMPORTANCE>
          <MESSAGE>'img_Data' is not initialized</MESSAGE>
        </KEYEVENT>
      </SFA>
      <SFA>
        <FILEPATH>C:\Users\Asus\Documents\Tecnico\Cadeiras2Sem\P3D\P3D\P3D_Template\P3D_Template\</FILEPATH>
        <FILENAME>main.cpp</FILENAME>
        <LINE>1010</LINE>
        <COLUMN>6</COLUMN>
      </SFA>
      <SFA>
        <FILEPATH>C:\Users\Asus\Documents\Tecnico\Cadeiras2Sem\P3D\P3D\P3D_Template\P3D_Template\</FILEPATH>
        <FILENAME>main.cpp</FILENAME>
        <LINE>1009</LINE>
        <COLUMN>8</COLUMN>
        <KEYEVENT>
          <ID>2</ID>
          <KIND>usage</KIND>
          <IMPORTANCE>Essential</IMPORTANCE>
          <MESSAGE>'img_Data' is used, but may not have been initialized</MESSAGE>
        </KEYEVENT>
      </SFA>
    </PATH>
  </DEFECT>
</DEFECTS>