﻿<?xml version="1.0" encoding="utf-8"?><DEFECTS><DEFECT>
    <SFA>
      <FILEPATH>C:\Users\Asus\Documents\Tecnico\Cadeiras2Sem\P3D\P3D\P3D_Template\P3D_Template\</FILEPATH>
      <FILENAME>vector.h</FILENAME>
      <LINE>12</LINE>
      <COLUMN>1</COLUMN>
    </SFA>
    <DEFECTCODE>26495</DEFECTCODE>
    <DESCRIPTION>Variable 'Vector::x' is uninitialized. Always initialize a member variable (type.6).</DESCRIPTION>
    <FUNCTION>Vector::{ctor}</FUNCTION>
    <DECORATED>??0Vector@@QEAA@XZ</DECORATED>
    <FUNCLINE>12</FUNCLINE>
    <ADDITIONALINFO>
      <targetSymbol>Vector::x</targetSymbol>
    </ADDITIONALINFO>
    <PATH></PATH>
  </DEFECT><DEFECT>
    <SFA>
      <FILEPATH>C:\Users\Asus\Documents\Tecnico\Cadeiras2Sem\P3D\P3D\P3D_Template\P3D_Template\</FILEPATH>
      <FILENAME>scene.h</FILENAME>
      <LINE>91</LINE>
      <COLUMN>0</COLUMN>
    </SFA>
    <DEFECTCODE>26495</DEFECTCODE>
    <DESCRIPTION>Variable 'Object::m_Material' is uninitialized. Always initialize a member variable (type.6).</DESCRIPTION>
    <FUNCTION>Object::{ctor}</FUNCTION>
    <DECORATED>??0Object@@QEAA@XZ</DECORATED>
    <FUNCLINE>91</FUNCLINE>
    <ADDITIONALINFO>
      <targetSymbol>Object::m_Material</targetSymbol>
    </ADDITIONALINFO>
    <PATH></PATH>
  </DEFECT><DEFECT>
    <SFA>
      <FILEPATH>C:\Users\Asus\Documents\Tecnico\Cadeiras2Sem\P3D\P3D\P3D_Template\P3D_Template\</FILEPATH>
      <FILENAME>bvh.cpp</FILENAME>
      <LINE>5</LINE>
      <COLUMN>14</COLUMN>
    </SFA>
    <DEFECTCODE>26495</DEFECTCODE>
    <DESCRIPTION>Variable 'BVH::BVHNode::leaf' is uninitialized. Always initialize a member variable (type.6).</DESCRIPTION>
    <FUNCTION>BVH::BVHNode::{ctor}</FUNCTION>
    <DECORATED>??0BVHNode@BVH@@QEAA@XZ</DECORATED>
    <FUNCLINE>5</FUNCLINE>
    <ADDITIONALINFO>
      <targetSymbol>BVH::BVHNode::leaf</targetSymbol>
    </ADDITIONALINFO>
    <PATH></PATH>
  </DEFECT><DEFECT>
    <SFA>
      <FILEPATH>C:\Users\Asus\Documents\Tecnico\Cadeiras2Sem\P3D\P3D\P3D_Template\P3D_Template\</FILEPATH>
      <FILENAME>grid.cpp</FILENAME>
      <LINE>6</LINE>
      <COLUMN>6</COLUMN>
    </SFA>
    <DEFECTCODE>26495</DEFECTCODE>
    <DESCRIPTION>Variable 'Grid::nx' is uninitialized. Always initialize a member variable (type.6).</DESCRIPTION>
    <FUNCTION>Grid::{ctor}</FUNCTION>
    <DECORATED>??0Grid@@QEAA@XZ</DECORATED>
    <FUNCLINE>6</FUNCLINE>
    <ADDITIONALINFO>
      <targetSymbol>Grid::nx</targetSymbol>
    </ADDITIONALINFO>
    <PATH></PATH>
  </DEFECT><DEFECT>
    <SFA>
      <FILEPATH>C:\Users\Asus\Documents\Tecnico\Cadeiras2Sem\P3D\P3D\P3D_Template\P3D_Template\</FILEPATH>
      <FILENAME>grid.cpp</FILENAME>
      <LINE>57</LINE>
      <COLUMN>24</COLUMN>
    </SFA>
    <DEFECTCODE>26451</DEFECTCODE>
    <DESCRIPTION>Arithmetic overflow: Using operator '-' on a 4 byte value and then casting the result to a 8 byte value. Cast the value to the wider type before calling operator '-' to avoid overflow (io.2).</DESCRIPTION>
    <FUNCTION>Grid::Build</FUNCTION>
    <DECORATED>?Build@Grid@@QEAAXAEAV?$vector@PEAVObject@@V?$allocator@PEAVObject@@@std@@@std@@@Z</DECORATED>
    <FUNCLINE>31</FUNCLINE>
    <PATH></PATH>
  </DEFECT><DEFECT>
    <SFA>
      <FILEPATH>C:\Users\Asus\Documents\Tecnico\Cadeiras2Sem\P3D\P3D\P3D_Template\P3D_Template\</FILEPATH>
      <FILENAME>grid.cpp</FILENAME>
      <LINE>58</LINE>
      <COLUMN>24</COLUMN>
    </SFA>
    <DEFECTCODE>26451</DEFECTCODE>
    <DESCRIPTION>Arithmetic overflow: Using operator '-' on a 4 byte value and then casting the result to a 8 byte value. Cast the value to the wider type before calling operator '-' to avoid overflow (io.2).</DESCRIPTION>
    <FUNCTION>Grid::Build</FUNCTION>
    <DECORATED>?Build@Grid@@QEAAXAEAV?$vector@PEAVObject@@V?$allocator@PEAVObject@@@std@@@std@@@Z</DECORATED>
    <FUNCLINE>31</FUNCLINE>
    <PATH></PATH>
  </DEFECT><DEFECT>
    <SFA>
      <FILEPATH>C:\Users\Asus\Documents\Tecnico\Cadeiras2Sem\P3D\P3D\P3D_Template\P3D_Template\</FILEPATH>
      <FILENAME>grid.cpp</FILENAME>
      <LINE>59</LINE>
      <COLUMN>24</COLUMN>
    </SFA>
    <DEFECTCODE>26451</DEFECTCODE>
    <DESCRIPTION>Arithmetic overflow: Using operator '-' on a 4 byte value and then casting the result to a 8 byte value. Cast the value to the wider type before calling operator '-' to avoid overflow (io.2).</DESCRIPTION>
    <FUNCTION>Grid::Build</FUNCTION>
    <DECORATED>?Build@Grid@@QEAAXAEAV?$vector@PEAVObject@@V?$allocator@PEAVObject@@@std@@@std@@@Z</DECORATED>
    <FUNCLINE>31</FUNCLINE>
    <PATH></PATH>
  </DEFECT><DEFECT>
    <SFA>
      <FILEPATH>C:\Users\Asus\Documents\Tecnico\Cadeiras2Sem\P3D\P3D\P3D_Template\P3D_Template\</FILEPATH>
      <FILENAME>grid.cpp</FILENAME>
      <LINE>81</LINE>
      <COLUMN>85</COLUMN>
    </SFA>
    <DEFECTCODE>26451</DEFECTCODE>
    <DESCRIPTION>Arithmetic overflow: Using operator '-' on a 4 byte value and then casting the result to a 8 byte value. Cast the value to the wider type before calling operator '-' to avoid overflow (io.2).</DESCRIPTION>
    <FUNCTION>Grid::Build</FUNCTION>
    <DECORATED>?Build@Grid@@QEAAXAEAV?$vector@PEAVObject@@V?$allocator@PEAVObject@@@std@@@std@@@Z</DECORATED>
    <FUNCLINE>31</FUNCLINE>
    <PATH></PATH>
  </DEFECT><DEFECT>
    <SFA>
      <FILEPATH>C:\Users\Asus\Documents\Tecnico\Cadeiras2Sem\P3D\P3D\P3D_Template\P3D_Template\</FILEPATH>
      <FILENAME>grid.cpp</FILENAME>
      <LINE>82</LINE>
      <COLUMN>85</COLUMN>
    </SFA>
    <DEFECTCODE>26451</DEFECTCODE>
    <DESCRIPTION>Arithmetic overflow: Using operator '-' on a 4 byte value and then casting the result to a 8 byte value. Cast the value to the wider type before calling operator '-' to avoid overflow (io.2).</DESCRIPTION>
    <FUNCTION>Grid::Build</FUNCTION>
    <DECORATED>?Build@Grid@@QEAAXAEAV?$vector@PEAVObject@@V?$allocator@PEAVObject@@@std@@@std@@@Z</DECORATED>
    <FUNCLINE>31</FUNCLINE>
    <PATH></PATH>
  </DEFECT><DEFECT>
    <SFA>
      <FILEPATH>C:\Users\Asus\Documents\Tecnico\Cadeiras2Sem\P3D\P3D\P3D_Template\P3D_Template\</FILEPATH>
      <FILENAME>grid.cpp</FILENAME>
      <LINE>83</LINE>
      <COLUMN>85</COLUMN>
    </SFA>
    <DEFECTCODE>26451</DEFECTCODE>
    <DESCRIPTION>Arithmetic overflow: Using operator '-' on a 4 byte value and then casting the result to a 8 byte value. Cast the value to the wider type before calling operator '-' to avoid overflow (io.2).</DESCRIPTION>
    <FUNCTION>Grid::Build</FUNCTION>
    <DECORATED>?Build@Grid@@QEAAXAEAV?$vector@PEAVObject@@V?$allocator@PEAVObject@@@std@@@std@@@Z</DECORATED>
    <FUNCLINE>31</FUNCLINE>
    <PATH></PATH>
  </DEFECT><DEFECT>
    <SFA>
      <FILEPATH>C:\Users\Asus\Documents\Tecnico\Cadeiras2Sem\P3D\P3D\P3D_Template\P3D_Template\</FILEPATH>
      <FILENAME>grid.cpp</FILENAME>
      <LINE>84</LINE>
      <COLUMN>85</COLUMN>
    </SFA>
    <DEFECTCODE>26451</DEFECTCODE>
    <DESCRIPTION>Arithmetic overflow: Using operator '-' on a 4 byte value and then casting the result to a 8 byte value. Cast the value to the wider type before calling operator '-' to avoid overflow (io.2).</DESCRIPTION>
    <FUNCTION>Grid::Build</FUNCTION>
    <DECORATED>?Build@Grid@@QEAAXAEAV?$vector@PEAVObject@@V?$allocator@PEAVObject@@@std@@@std@@@Z</DECORATED>
    <FUNCLINE>31</FUNCLINE>
    <PATH></PATH>
  </DEFECT><DEFECT>
    <SFA>
      <FILEPATH>C:\Users\Asus\Documents\Tecnico\Cadeiras2Sem\P3D\P3D\P3D_Template\P3D_Template\</FILEPATH>
      <FILENAME>grid.cpp</FILENAME>
      <LINE>85</LINE>
      <COLUMN>85</COLUMN>
    </SFA>
    <DEFECTCODE>26451</DEFECTCODE>
    <DESCRIPTION>Arithmetic overflow: Using operator '-' on a 4 byte value and then casting the result to a 8 byte value. Cast the value to the wider type before calling operator '-' to avoid overflow (io.2).</DESCRIPTION>
    <FUNCTION>Grid::Build</FUNCTION>
    <DECORATED>?Build@Grid@@QEAAXAEAV?$vector@PEAVObject@@V?$allocator@PEAVObject@@@std@@@std@@@Z</DECORATED>
    <FUNCLINE>31</FUNCLINE>
    <PATH></PATH>
  </DEFECT><DEFECT>
    <SFA>
      <FILEPATH>C:\Users\Asus\Documents\Tecnico\Cadeiras2Sem\P3D\P3D\P3D_Template\P3D_Template\</FILEPATH>
      <FILENAME>grid.cpp</FILENAME>
      <LINE>86</LINE>
      <COLUMN>85</COLUMN>
    </SFA>
    <DEFECTCODE>26451</DEFECTCODE>
    <DESCRIPTION>Arithmetic overflow: Using operator '-' on a 4 byte value and then casting the result to a 8 byte value. Cast the value to the wider type before calling operator '-' to avoid overflow (io.2).</DESCRIPTION>
    <FUNCTION>Grid::Build</FUNCTION>
    <DECORATED>?Build@Grid@@QEAAXAEAV?$vector@PEAVObject@@V?$allocator@PEAVObject@@@std@@@std@@@Z</DECORATED>
    <FUNCLINE>31</FUNCLINE>
    <PATH></PATH>
  </DEFECT><DEFECT>
    <SFA>
      <FILEPATH>C:\Users\Asus\Documents\Tecnico\Cadeiras2Sem\P3D\P3D\P3D_Template\P3D_Template\</FILEPATH>
      <FILENAME>grid.cpp</FILENAME>
      <LINE>92</LINE>
      <COLUMN>24</COLUMN>
    </SFA>
    <DEFECTCODE>26451</DEFECTCODE>
    <DESCRIPTION>Arithmetic overflow: Using operator '+' on a 4 byte value and then casting the result to a 8 byte value. Cast the value to the wider type before calling operator '+' to avoid overflow (io.2).</DESCRIPTION>
    <FUNCTION>Grid::Build</FUNCTION>
    <DECORATED>?Build@Grid@@QEAAXAEAV?$vector@PEAVObject@@V?$allocator@PEAVObject@@@std@@@std@@@Z</DECORATED>
    <FUNCLINE>31</FUNCLINE>
    <PATH></PATH>
  </DEFECT><DEFECT>
    <SFA>
      <FILEPATH>C:\Users\Asus\Documents\Tecnico\Cadeiras2Sem\P3D\P3D\P3D_Template\P3D_Template\</FILEPATH>
      <FILENAME>grid.cpp</FILENAME>
      <LINE>92</LINE>
      <COLUMN>14</COLUMN>
    </SFA>
    <DEFECTCODE>26451</DEFECTCODE>
    <DESCRIPTION>Arithmetic overflow: Using operator '+' on a 4 byte value and then casting the result to a 8 byte value. Cast the value to the wider type before calling operator '+' to avoid overflow (io.2).</DESCRIPTION>
    <FUNCTION>Grid::Build</FUNCTION>
    <DECORATED>?Build@Grid@@QEAAXAEAV?$vector@PEAVObject@@V?$allocator@PEAVObject@@@std@@@std@@@Z</DECORATED>
    <FUNCLINE>31</FUNCLINE>
    <PATH></PATH>
  </DEFECT><DEFECT>
    <SFA>
      <FILEPATH>C:\Users\Asus\Documents\Tecnico\Cadeiras2Sem\P3D\P3D\P3D_Template\P3D_Template\</FILEPATH>
      <FILENAME>grid.cpp</FILENAME>
      <LINE>178</LINE>
      <COLUMN>47</COLUMN>
    </SFA>
    <DEFECTCODE>26451</DEFECTCODE>
    <DESCRIPTION>Arithmetic overflow: Using operator '-' on a 4 byte value and then casting the result to a 8 byte value. Cast the value to the wider type before calling operator '-' to avoid overflow (io.2).</DESCRIPTION>
    <FUNCTION>Grid::Init_Traverse</FUNCTION>
    <DECORATED>?Init_Traverse@Grid@@AEAA_NAEAVRay@@AEAH11AEAN22222111111@Z</DECORATED>
    <FUNCLINE>101</FUNCLINE>
    <PATH></PATH>
  </DEFECT><DEFECT>
    <SFA>
      <FILEPATH>C:\Users\Asus\Documents\Tecnico\Cadeiras2Sem\P3D\P3D\P3D_Template\P3D_Template\</FILEPATH>
      <FILENAME>grid.cpp</FILENAME>
      <LINE>179</LINE>
      <COLUMN>47</COLUMN>
    </SFA>
    <DEFECTCODE>26451</DEFECTCODE>
    <DESCRIPTION>Arithmetic overflow: Using operator '-' on a 4 byte value and then casting the result to a 8 byte value. Cast the value to the wider type before calling operator '-' to avoid overflow (io.2).</DESCRIPTION>
    <FUNCTION>Grid::Init_Traverse</FUNCTION>
    <DECORATED>?Init_Traverse@Grid@@AEAA_NAEAVRay@@AEAH11AEAN22222111111@Z</DECORATED>
    <FUNCLINE>101</FUNCLINE>
    <PATH></PATH>
  </DEFECT><DEFECT>
    <SFA>
      <FILEPATH>C:\Users\Asus\Documents\Tecnico\Cadeiras2Sem\P3D\P3D\P3D_Template\P3D_Template\</FILEPATH>
      <FILENAME>grid.cpp</FILENAME>
      <LINE>180</LINE>
      <COLUMN>47</COLUMN>
    </SFA>
    <DEFECTCODE>26451</DEFECTCODE>
    <DESCRIPTION>Arithmetic overflow: Using operator '-' on a 4 byte value and then casting the result to a 8 byte value. Cast the value to the wider type before calling operator '-' to avoid overflow (io.2).</DESCRIPTION>
    <FUNCTION>Grid::Init_Traverse</FUNCTION>
    <DECORATED>?Init_Traverse@Grid@@AEAA_NAEAVRay@@AEAH11AEAN22222111111@Z</DECORATED>
    <FUNCLINE>101</FUNCLINE>
    <PATH></PATH>
  </DEFECT><DEFECT>
    <SFA>
      <FILEPATH>C:\Users\Asus\Documents\Tecnico\Cadeiras2Sem\P3D\P3D\P3D_Template\P3D_Template\</FILEPATH>
      <FILENAME>grid.cpp</FILENAME>
      <LINE>184</LINE>
      <COLUMN>48</COLUMN>
    </SFA>
    <DEFECTCODE>26451</DEFECTCODE>
    <DESCRIPTION>Arithmetic overflow: Using operator '-' on a 4 byte value and then casting the result to a 8 byte value. Cast the value to the wider type before calling operator '-' to avoid overflow (io.2).</DESCRIPTION>
    <FUNCTION>Grid::Init_Traverse</FUNCTION>
    <DECORATED>?Init_Traverse@Grid@@AEAA_NAEAVRay@@AEAH11AEAN22222111111@Z</DECORATED>
    <FUNCLINE>101</FUNCLINE>
    <PATH></PATH>
  </DEFECT><DEFECT>
    <SFA>
      <FILEPATH>C:\Users\Asus\Documents\Tecnico\Cadeiras2Sem\P3D\P3D\P3D_Template\P3D_Template\</FILEPATH>
      <FILENAME>grid.cpp</FILENAME>
      <LINE>185</LINE>
      <COLUMN>48</COLUMN>
    </SFA>
    <DEFECTCODE>26451</DEFECTCODE>
    <DESCRIPTION>Arithmetic overflow: Using operator '-' on a 4 byte value and then casting the result to a 8 byte value. Cast the value to the wider type before calling operator '-' to avoid overflow (io.2).</DESCRIPTION>
    <FUNCTION>Grid::Init_Traverse</FUNCTION>
    <DECORATED>?Init_Traverse@Grid@@AEAA_NAEAVRay@@AEAH11AEAN22222111111@Z</DECORATED>
    <FUNCLINE>101</FUNCLINE>
    <PATH></PATH>
  </DEFECT><DEFECT>
    <SFA>
      <FILEPATH>C:\Users\Asus\Documents\Tecnico\Cadeiras2Sem\P3D\P3D\P3D_Template\P3D_Template\</FILEPATH>
      <FILENAME>grid.cpp</FILENAME>
      <LINE>186</LINE>
      <COLUMN>48</COLUMN>
    </SFA>
    <DEFECTCODE>26451</DEFECTCODE>
    <DESCRIPTION>Arithmetic overflow: Using operator '-' on a 4 byte value and then casting the result to a 8 byte value. Cast the value to the wider type before calling operator '-' to avoid overflow (io.2).</DESCRIPTION>
    <FUNCTION>Grid::Init_Traverse</FUNCTION>
    <DECORATED>?Init_Traverse@Grid@@AEAA_NAEAVRay@@AEAH11AEAN22222111111@Z</DECORATED>
    <FUNCLINE>101</FUNCLINE>
    <PATH></PATH>
  </DEFECT><DEFECT>
    <SFA>
      <FILEPATH>C:\Users\Asus\Documents\Tecnico\Cadeiras2Sem\P3D\P3D\P3D_Template\P3D_Template\</FILEPATH>
      <FILENAME>grid.cpp</FILENAME>
      <LINE>195</LINE>
      <COLUMN>25</COLUMN>
    </SFA>
    <DEFECTCODE>26451</DEFECTCODE>
    <DESCRIPTION>Arithmetic overflow: Using operator '+' on a 4 byte value and then casting the result to a 8 byte value. Cast the value to the wider type before calling operator '+' to avoid overflow (io.2).</DESCRIPTION>
    <FUNCTION>Grid::Init_Traverse</FUNCTION>
    <DECORATED>?Init_Traverse@Grid@@AEAA_NAEAVRay@@AEAH11AEAN22222111111@Z</DECORATED>
    <FUNCLINE>101</FUNCLINE>
    <PATH></PATH>
  </DEFECT><DEFECT>
    <SFA>
      <FILEPATH>C:\Users\Asus\Documents\Tecnico\Cadeiras2Sem\P3D\P3D\P3D_Template\P3D_Template\</FILEPATH>
      <FILENAME>grid.cpp</FILENAME>
      <LINE>200</LINE>
      <COLUMN>25</COLUMN>
    </SFA>
    <DEFECTCODE>26451</DEFECTCODE>
    <DESCRIPTION>Arithmetic overflow: Using operator '-' on a 4 byte value and then casting the result to a 8 byte value. Cast the value to the wider type before calling operator '-' to avoid overflow (io.2).</DESCRIPTION>
    <FUNCTION>Grid::Init_Traverse</FUNCTION>
    <DECORATED>?Init_Traverse@Grid@@AEAA_NAEAVRay@@AEAH11AEAN22222111111@Z</DECORATED>
    <FUNCLINE>101</FUNCLINE>
    <PATH></PATH>
  </DEFECT><DEFECT>
    <SFA>
      <FILEPATH>C:\Users\Asus\Documents\Tecnico\Cadeiras2Sem\P3D\P3D\P3D_Template\P3D_Template\</FILEPATH>
      <FILENAME>grid.cpp</FILENAME>
      <LINE>212</LINE>
      <COLUMN>25</COLUMN>
    </SFA>
    <DEFECTCODE>26451</DEFECTCODE>
    <DESCRIPTION>Arithmetic overflow: Using operator '+' on a 4 byte value and then casting the result to a 8 byte value. Cast the value to the wider type before calling operator '+' to avoid overflow (io.2).</DESCRIPTION>
    <FUNCTION>Grid::Init_Traverse</FUNCTION>
    <DECORATED>?Init_Traverse@Grid@@AEAA_NAEAVRay@@AEAH11AEAN22222111111@Z</DECORATED>
    <FUNCLINE>101</FUNCLINE>
    <PATH></PATH>
  </DEFECT><DEFECT>
    <SFA>
      <FILEPATH>C:\Users\Asus\Documents\Tecnico\Cadeiras2Sem\P3D\P3D\P3D_Template\P3D_Template\</FILEPATH>
      <FILENAME>grid.cpp</FILENAME>
      <LINE>217</LINE>
      <COLUMN>25</COLUMN>
    </SFA>
    <DEFECTCODE>26451</DEFECTCODE>
    <DESCRIPTION>Arithmetic overflow: Using operator '-' on a 4 byte value and then casting the result to a 8 byte value. Cast the value to the wider type before calling operator '-' to avoid overflow (io.2).</DESCRIPTION>
    <FUNCTION>Grid::Init_Traverse</FUNCTION>
    <DECORATED>?Init_Traverse@Grid@@AEAA_NAEAVRay@@AEAH11AEAN22222111111@Z</DECORATED>
    <FUNCLINE>101</FUNCLINE>
    <PATH></PATH>
  </DEFECT><DEFECT>
    <SFA>
      <FILEPATH>C:\Users\Asus\Documents\Tecnico\Cadeiras2Sem\P3D\P3D\P3D_Template\P3D_Template\</FILEPATH>
      <FILENAME>grid.cpp</FILENAME>
      <LINE>229</LINE>
      <COLUMN>25</COLUMN>
    </SFA>
    <DEFECTCODE>26451</DEFECTCODE>
    <DESCRIPTION>Arithmetic overflow: Using operator '+' on a 4 byte value and then casting the result to a 8 byte value. Cast the value to the wider type before calling operator '+' to avoid overflow (io.2).</DESCRIPTION>
    <FUNCTION>Grid::Init_Traverse</FUNCTION>
    <DECORATED>?Init_Traverse@Grid@@AEAA_NAEAVRay@@AEAH11AEAN22222111111@Z</DECORATED>
    <FUNCLINE>101</FUNCLINE>
    <PATH></PATH>
  </DEFECT><DEFECT>
    <SFA>
      <FILEPATH>C:\Users\Asus\Documents\Tecnico\Cadeiras2Sem\P3D\P3D\P3D_Template\P3D_Template\</FILEPATH>
      <FILENAME>grid.cpp</FILENAME>
      <LINE>234</LINE>
      <COLUMN>25</COLUMN>
    </SFA>
    <DEFECTCODE>26451</DEFECTCODE>
    <DESCRIPTION>Arithmetic overflow: Using operator '-' on a 4 byte value and then casting the result to a 8 byte value. Cast the value to the wider type before calling operator '-' to avoid overflow (io.2).</DESCRIPTION>
    <FUNCTION>Grid::Init_Traverse</FUNCTION>
    <DECORATED>?Init_Traverse@Grid@@AEAA_NAEAVRay@@AEAH11AEAN22222111111@Z</DECORATED>
    <FUNCLINE>101</FUNCLINE>
    <PATH></PATH>
  </DEFECT><DEFECT>
    <SFA>
      <FILEPATH>C:\Users\Asus\Documents\Tecnico\Cadeiras2Sem\P3D\P3D\P3D_Template\P3D_Template\</FILEPATH>
      <FILENAME>grid.cpp</FILENAME>
      <LINE>266</LINE>
      <COLUMN>28</COLUMN>
    </SFA>
    <DEFECTCODE>26451</DEFECTCODE>
    <DESCRIPTION>Arithmetic overflow: Using operator '+' on a 4 byte value and then casting the result to a 8 byte value. Cast the value to the wider type before calling operator '+' to avoid overflow (io.2).</DESCRIPTION>
    <FUNCTION>Grid::Traverse</FUNCTION>
    <DECORATED>?Traverse@Grid@@QEAA_NAEAVRay@@PEAPEAVObject@@AEAVVector@@@Z</DECORATED>
    <FUNCLINE>248</FUNCLINE>
    <PATH></PATH>
  </DEFECT><DEFECT>
    <SFA>
      <FILEPATH>C:\Users\Asus\Documents\Tecnico\Cadeiras2Sem\P3D\P3D\P3D_Template\P3D_Template\</FILEPATH>
      <FILENAME>grid.cpp</FILENAME>
      <LINE>266</LINE>
      <COLUMN>18</COLUMN>
    </SFA>
    <DEFECTCODE>26451</DEFECTCODE>
    <DESCRIPTION>Arithmetic overflow: Using operator '+' on a 4 byte value and then casting the result to a 8 byte value. Cast the value to the wider type before calling operator '+' to avoid overflow (io.2).</DESCRIPTION>
    <FUNCTION>Grid::Traverse</FUNCTION>
    <DECORATED>?Traverse@Grid@@QEAA_NAEAVRay@@PEAPEAVObject@@AEAVVector@@@Z</DECORATED>
    <FUNCLINE>248</FUNCLINE>
    <PATH></PATH>
  </DEFECT><DEFECT>
    <SFA>
      <FILEPATH>C:\Users\Asus\Documents\Tecnico\Cadeiras2Sem\P3D\P3D\P3D_Template\P3D_Template\</FILEPATH>
      <FILENAME>grid.cpp</FILENAME>
      <LINE>334</LINE>
      <COLUMN>28</COLUMN>
    </SFA>
    <DEFECTCODE>26451</DEFECTCODE>
    <DESCRIPTION>Arithmetic overflow: Using operator '+' on a 4 byte value and then casting the result to a 8 byte value. Cast the value to the wider type before calling operator '+' to avoid overflow (io.2).</DESCRIPTION>
    <FUNCTION>Grid::Traverse</FUNCTION>
    <DECORATED>?Traverse@Grid@@QEAA_NAEAVRay@@@Z</DECORATED>
    <FUNCLINE>313</FUNCLINE>
    <PATH></PATH>
  </DEFECT><DEFECT>
    <SFA>
      <FILEPATH>C:\Users\Asus\Documents\Tecnico\Cadeiras2Sem\P3D\P3D\P3D_Template\P3D_Template\</FILEPATH>
      <FILENAME>grid.cpp</FILENAME>
      <LINE>334</LINE>
      <COLUMN>18</COLUMN>
    </SFA>
    <DEFECTCODE>26451</DEFECTCODE>
    <DESCRIPTION>Arithmetic overflow: Using operator '+' on a 4 byte value and then casting the result to a 8 byte value. Cast the value to the wider type before calling operator '+' to avoid overflow (io.2).</DESCRIPTION>
    <FUNCTION>Grid::Traverse</FUNCTION>
    <DECORATED>?Traverse@Grid@@QEAA_NAEAVRay@@@Z</DECORATED>
    <FUNCLINE>313</FUNCLINE>
    <PATH></PATH>
  </DEFECT><DEFECT>
    <SFA>
      <FILEPATH>C:\Users\Asus\Documents\Tecnico\Cadeiras2Sem\P3D\P3D\P3D_Template\P3D_Template\</FILEPATH>
      <FILENAME>main.cpp</FILENAME>
      <LINE>40</LINE>
      <COLUMN>27</COLUMN>
    </SFA>
    <DEFECTCODE>26812</DEFECTCODE>
    <DESCRIPTION>The enum type 'Accelerator' is unscoped. Prefer 'enum class' over 'enum' (Enum.3).</DESCRIPTION>
    <FUNCTION></FUNCTION>
    <DECORATED></DECORATED>
    <FUNCLINE>0</FUNCLINE>
    <PATH></PATH>
  </DEFECT><DEFECT>
    <SFA>
      <FILEPATH>C:\Users\Asus\Documents\Tecnico\Cadeiras2Sem\P3D\P3D\P3D_Template\P3D_Template\</FILEPATH>
      <FILENAME>main.cpp</FILENAME>
      <LINE>831</LINE>
      <COLUMN>19</COLUMN>
    </SFA>
    <DEFECTCODE>6001</DEFECTCODE>
    <DESCRIPTION>Using uninitialized memory 'alphaAux'.</DESCRIPTION>
    <FUNCTION>processMouseMotion</FUNCTION>
    <DECORATED>?processMouseMotion@@YAXHH@Z</DECORATED>
    <FUNCLINE>798</FUNCLINE>
    <PROBABILITY>1</PROBABILITY>
    <RANK>3</RANK>
    <CATEGORY>
      <RULECATEGORY>mspft</RULECATEGORY>
    </CATEGORY>
    <PATH>
      <SFA>
        <FILEPATH>C:\Users\Asus\Documents\Tecnico\Cadeiras2Sem\P3D\P3D\P3D_Template\P3D_Template\</FILEPATH>
        <FILENAME>main.cpp</FILENAME>
        <LINE>801</LINE>
        <COLUMN>5</COLUMN>
      </SFA>
      <SFA>
        <FILEPATH>C:\Users\Asus\Documents\Tecnico\Cadeiras2Sem\P3D\P3D\P3D_Template\P3D_Template\</FILEPATH>
        <FILENAME>main.cpp</FILENAME>
        <LINE>801</LINE>
        <COLUMN>13</COLUMN>
      </SFA>
      <SFA>
        <FILEPATH>C:\Users\Asus\Documents\Tecnico\Cadeiras2Sem\P3D\P3D\P3D_Template\P3D_Template\</FILEPATH>
        <FILENAME>main.cpp</FILENAME>
        <LINE>802</LINE>
        <COLUMN>7</COLUMN>
        <KEYEVENT>
          <ID>1</ID>
          <KIND>declaration</KIND>
          <IMPORTANCE>Essential</IMPORTANCE>
          <MESSAGE>'alphaAux' is not initialized</MESSAGE>
        </KEYEVENT>
      </SFA>
      <SFA>
        <FILEPATH>C:\Users\Asus\Documents\Tecnico\Cadeiras2Sem\P3D\P3D\P3D_Template\P3D_Template\</FILEPATH>
        <FILENAME>main.cpp</FILENAME>
        <LINE>802</LINE>
        <COLUMN>17</COLUMN>
      </SFA>
      <SFA>
        <FILEPATH>C:\Users\Asus\Documents\Tecnico\Cadeiras2Sem\P3D\P3D\P3D_Template\P3D_Template\</FILEPATH>
        <FILENAME>main.cpp</FILENAME>
        <LINE>803</LINE>
        <COLUMN>7</COLUMN>
      </SFA>
      <SFA>
        <FILEPATH>C:\Users\Asus\Documents\Tecnico\Cadeiras2Sem\P3D\P3D\P3D_Template\P3D_Template\</FILEPATH>
        <FILENAME>main.cpp</FILENAME>
        <LINE>805</LINE>
        <COLUMN>8</COLUMN>
      </SFA>
      <SFA>
        <FILEPATH>C:\Users\Asus\Documents\Tecnico\Cadeiras2Sem\P3D\P3D\P3D_Template\P3D_Template\</FILEPATH>
        <FILENAME>main.cpp</FILENAME>
        <LINE>806</LINE>
        <COLUMN>8</COLUMN>
      </SFA>
      <SFA>
        <FILEPATH>C:\Users\Asus\Documents\Tecnico\Cadeiras2Sem\P3D\P3D\P3D_Template\P3D_Template\</FILEPATH>
        <FILENAME>main.cpp</FILENAME>
        <LINE>809</LINE>
        <COLUMN>14</COLUMN>
        <KEYEVENT>
          <ID>2</ID>
          <KIND>branch</KIND>
          <IMPORTANCE>Full</IMPORTANCE>
          <MESSAGE>Skip this branch, (assume 'tracking==1' is false)</MESSAGE>
        </KEYEVENT>
      </SFA>
      <SFA>
        <FILEPATH>C:\Users\Asus\Documents\Tecnico\Cadeiras2Sem\P3D\P3D\P3D_Template\P3D_Template\</FILEPATH>
        <FILENAME>main.cpp</FILENAME>
        <LINE>822</LINE>
        <COLUMN>19</COLUMN>
        <KEYEVENT>
          <ID>3</ID>
          <KIND>branch</KIND>
          <IMPORTANCE>Full</IMPORTANCE>
          <MESSAGE>Skip this branch, (assume 'tracking==2' is false)</MESSAGE>
        </KEYEVENT>
      </SFA>
      <SFA>
        <FILEPATH>C:\Users\Asus\Documents\Tecnico\Cadeiras2Sem\P3D\P3D\P3D_Template\P3D_Template\</FILEPATH>
        <FILENAME>main.cpp</FILENAME>
        <LINE>831</LINE>
        <COLUMN>6</COLUMN>
      </SFA>
      <SFA>
        <FILEPATH>C:\Users\Asus\Documents\Tecnico\Cadeiras2Sem\P3D\P3D\P3D_Template\P3D_Template\</FILEPATH>
        <FILENAME>main.cpp</FILENAME>
        <LINE>832</LINE>
        <COLUMN>6</COLUMN>
      </SFA>
      <SFA>
        <FILEPATH>C:\Users\Asus\Documents\Tecnico\Cadeiras2Sem\P3D\P3D\P3D_Template\P3D_Template\</FILEPATH>
        <FILENAME>main.cpp</FILENAME>
        <LINE>833</LINE>
        <COLUMN>6</COLUMN>
      </SFA>
      <SFA>
        <FILEPATH>C:\Users\Asus\Documents\Tecnico\Cadeiras2Sem\P3D\P3D\P3D_Template\P3D_Template\</FILEPATH>
        <FILENAME>main.cpp</FILENAME>
        <LINE>834</LINE>
        <COLUMN>0</COLUMN>
      </SFA>
      <SFA>
        <FILEPATH>C:\Users\Asus\Documents\Tecnico\Cadeiras2Sem\P3D\P3D\P3D_Template\P3D_Template\</FILEPATH>
        <FILENAME>main.cpp</FILENAME>
        <LINE>831</LINE>
        <COLUMN>19</COLUMN>
        <KEYEVENT>
          <ID>4</ID>
          <KIND>usage</KIND>
          <IMPORTANCE>Essential</IMPORTANCE>
          <MESSAGE>'alphaAux' is used, but may not have been initialized</MESSAGE>
        </KEYEVENT>
      </SFA>
    </PATH>
  </DEFECT><DEFECT>
    <SFA>
      <FILEPATH>C:\Users\Asus\Documents\Tecnico\Cadeiras2Sem\P3D\P3D\P3D_Template\P3D_Template\</FILEPATH>
      <FILENAME>main.cpp</FILENAME>
      <LINE>831</LINE>
      <COLUMN>52</COLUMN>
    </SFA>
    <DEFECTCODE>6001</DEFECTCODE>
    <DESCRIPTION>Using uninitialized memory 'betaAux'.</DESCRIPTION>
    <FUNCTION>processMouseMotion</FUNCTION>
    <DECORATED>?processMouseMotion@@YAXHH@Z</DECORATED>
    <FUNCLINE>798</FUNCLINE>
    <PROBABILITY>1</PROBABILITY>
    <RANK>3</RANK>
    <CATEGORY>
      <RULECATEGORY>mspft</RULECATEGORY>
    </CATEGORY>
    <PATH>
      <SFA>
        <FILEPATH>C:\Users\Asus\Documents\Tecnico\Cadeiras2Sem\P3D\P3D\P3D_Template\P3D_Template\</FILEPATH>
        <FILENAME>main.cpp</FILENAME>
        <LINE>801</LINE>
        <COLUMN>5</COLUMN>
      </SFA>
      <SFA>
        <FILEPATH>C:\Users\Asus\Documents\Tecnico\Cadeiras2Sem\P3D\P3D\P3D_Template\P3D_Template\</FILEPATH>
        <FILENAME>main.cpp</FILENAME>
        <LINE>801</LINE>
        <COLUMN>13</COLUMN>
      </SFA>
      <SFA>
        <FILEPATH>C:\Users\Asus\Documents\Tecnico\Cadeiras2Sem\P3D\P3D\P3D_Template\P3D_Template\</FILEPATH>
        <FILENAME>main.cpp</FILENAME>
        <LINE>802</LINE>
        <COLUMN>7</COLUMN>
      </SFA>
      <SFA>
        <FILEPATH>C:\Users\Asus\Documents\Tecnico\Cadeiras2Sem\P3D\P3D\P3D_Template\P3D_Template\</FILEPATH>
        <FILENAME>main.cpp</FILENAME>
        <LINE>802</LINE>
        <COLUMN>17</COLUMN>
        <KEYEVENT>
          <ID>1</ID>
          <KIND>declaration</KIND>
          <IMPORTANCE>Essential</IMPORTANCE>
          <MESSAGE>'betaAux' is not initialized</MESSAGE>
        </KEYEVENT>
      </SFA>
      <SFA>
        <FILEPATH>C:\Users\Asus\Documents\Tecnico\Cadeiras2Sem\P3D\P3D\P3D_Template\P3D_Template\</FILEPATH>
        <FILENAME>main.cpp</FILENAME>
        <LINE>803</LINE>
        <COLUMN>7</COLUMN>
      </SFA>
      <SFA>
        <FILEPATH>C:\Users\Asus\Documents\Tecnico\Cadeiras2Sem\P3D\P3D\P3D_Template\P3D_Template\</FILEPATH>
        <FILENAME>main.cpp</FILENAME>
        <LINE>805</LINE>
        <COLUMN>8</COLUMN>
      </SFA>
      <SFA>
        <FILEPATH>C:\Users\Asus\Documents\Tecnico\Cadeiras2Sem\P3D\P3D\P3D_Template\P3D_Template\</FILEPATH>
        <FILENAME>main.cpp</FILENAME>
        <LINE>806</LINE>
        <COLUMN>8</COLUMN>
      </SFA>
      <SFA>
        <FILEPATH>C:\Users\Asus\Documents\Tecnico\Cadeiras2Sem\P3D\P3D\P3D_Template\P3D_Template\</FILEPATH>
        <FILENAME>main.cpp</FILENAME>
        <LINE>809</LINE>
        <COLUMN>14</COLUMN>
        <KEYEVENT>
          <ID>2</ID>
          <KIND>branch</KIND>
          <IMPORTANCE>Full</IMPORTANCE>
          <MESSAGE>Skip this branch, (assume 'tracking==1' is false)</MESSAGE>
        </KEYEVENT>
      </SFA>
      <SFA>
        <FILEPATH>C:\Users\Asus\Documents\Tecnico\Cadeiras2Sem\P3D\P3D\P3D_Template\P3D_Template\</FILEPATH>
        <FILENAME>main.cpp</FILENAME>
        <LINE>822</LINE>
        <COLUMN>19</COLUMN>
        <KEYEVENT>
          <ID>3</ID>
          <KIND>branch</KIND>
          <IMPORTANCE>Full</IMPORTANCE>
          <MESSAGE>Skip this branch, (assume 'tracking==2' is false)</MESSAGE>
        </KEYEVENT>
      </SFA>
      <SFA>
        <FILEPATH>C:\Users\Asus\Documents\Tecnico\Cadeiras2Sem\P3D\P3D\P3D_Template\P3D_Template\</FILEPATH>
        <FILENAME>main.cpp</FILENAME>
        <LINE>831</LINE>
        <COLUMN>6</COLUMN>
      </SFA>
      <SFA>
        <FILEPATH>C:\Users\Asus\Documents\Tecnico\Cadeiras2Sem\P3D\P3D\P3D_Template\P3D_Template\</FILEPATH>
        <FILENAME>main.cpp</FILENAME>
        <LINE>832</LINE>
        <COLUMN>6</COLUMN>
      </SFA>
      <SFA>
        <FILEPATH>C:\Users\Asus\Documents\Tecnico\Cadeiras2Sem\P3D\P3D\P3D_Template\P3D_Template\</FILEPATH>
        <FILENAME>main.cpp</FILENAME>
        <LINE>833</LINE>
        <COLUMN>6</COLUMN>
      </SFA>
      <SFA>
        <FILEPATH>C:\Users\Asus\Documents\Tecnico\Cadeiras2Sem\P3D\P3D\P3D_Template\P3D_Template\</FILEPATH>
        <FILENAME>main.cpp</FILENAME>
        <LINE>834</LINE>
        <COLUMN>0</COLUMN>
      </SFA>
      <SFA>
        <FILEPATH>C:\Users\Asus\Documents\Tecnico\Cadeiras2Sem\P3D\P3D\P3D_Template\P3D_Template\</FILEPATH>
        <FILENAME>main.cpp</FILENAME>
        <LINE>831</LINE>
        <COLUMN>52</COLUMN>
        <KEYEVENT>
          <ID>4</ID>
          <KIND>usage</KIND>
          <IMPORTANCE>Essential</IMPORTANCE>
          <MESSAGE>'betaAux' is used, but may not have been initialized</MESSAGE>
        </KEYEVENT>
      </SFA>
    </PATH>
  </DEFECT><DEFECT>
    <SFA>
      <FILEPATH>C:\Users\Asus\Documents\Tecnico\Cadeiras2Sem\P3D\P3D\P3D_Template\P3D_Template\</FILEPATH>
      <FILENAME>main.cpp</FILENAME>
      <LINE>831</LINE>
      <COLUMN>8</COLUMN>
    </SFA>
    <DEFECTCODE>6001</DEFECTCODE>
    <DESCRIPTION>Using uninitialized memory 'rAux'.</DESCRIPTION>
    <FUNCTION>processMouseMotion</FUNCTION>
    <DECORATED>?processMouseMotion@@YAXHH@Z</DECORATED>
    <FUNCLINE>798</FUNCLINE>
    <PROBABILITY>1</PROBABILITY>
    <RANK>3</RANK>
    <CATEGORY>
      <RULECATEGORY>mspft</RULECATEGORY>
    </CATEGORY>
    <PATH>
      <SFA>
        <FILEPATH>C:\Users\Asus\Documents\Tecnico\Cadeiras2Sem\P3D\P3D\P3D_Template\P3D_Template\</FILEPATH>
        <FILENAME>main.cpp</FILENAME>
        <LINE>801</LINE>
        <COLUMN>5</COLUMN>
      </SFA>
      <SFA>
        <FILEPATH>C:\Users\Asus\Documents\Tecnico\Cadeiras2Sem\P3D\P3D\P3D_Template\P3D_Template\</FILEPATH>
        <FILENAME>main.cpp</FILENAME>
        <LINE>801</LINE>
        <COLUMN>13</COLUMN>
      </SFA>
      <SFA>
        <FILEPATH>C:\Users\Asus\Documents\Tecnico\Cadeiras2Sem\P3D\P3D\P3D_Template\P3D_Template\</FILEPATH>
        <FILENAME>main.cpp</FILENAME>
        <LINE>802</LINE>
        <COLUMN>7</COLUMN>
      </SFA>
      <SFA>
        <FILEPATH>C:\Users\Asus\Documents\Tecnico\Cadeiras2Sem\P3D\P3D\P3D_Template\P3D_Template\</FILEPATH>
        <FILENAME>main.cpp</FILENAME>
        <LINE>802</LINE>
        <COLUMN>17</COLUMN>
      </SFA>
      <SFA>
        <FILEPATH>C:\Users\Asus\Documents\Tecnico\Cadeiras2Sem\P3D\P3D\P3D_Template\P3D_Template\</FILEPATH>
        <FILENAME>main.cpp</FILENAME>
        <LINE>803</LINE>
        <COLUMN>7</COLUMN>
        <KEYEVENT>
          <ID>1</ID>
          <KIND>declaration</KIND>
          <IMPORTANCE>Essential</IMPORTANCE>
          <MESSAGE>'rAux' is not initialized</MESSAGE>
        </KEYEVENT>
      </SFA>
      <SFA>
        <FILEPATH>C:\Users\Asus\Documents\Tecnico\Cadeiras2Sem\P3D\P3D\P3D_Template\P3D_Template\</FILEPATH>
        <FILENAME>main.cpp</FILENAME>
        <LINE>805</LINE>
        <COLUMN>8</COLUMN>
      </SFA>
      <SFA>
        <FILEPATH>C:\Users\Asus\Documents\Tecnico\Cadeiras2Sem\P3D\P3D\P3D_Template\P3D_Template\</FILEPATH>
        <FILENAME>main.cpp</FILENAME>
        <LINE>806</LINE>
        <COLUMN>8</COLUMN>
      </SFA>
      <SFA>
        <FILEPATH>C:\Users\Asus\Documents\Tecnico\Cadeiras2Sem\P3D\P3D\P3D_Template\P3D_Template\</FILEPATH>
        <FILENAME>main.cpp</FILENAME>
        <LINE>809</LINE>
        <COLUMN>14</COLUMN>
        <KEYEVENT>
          <ID>2</ID>
          <KIND>branch</KIND>
          <IMPORTANCE>Full</IMPORTANCE>
          <MESSAGE>Skip this branch, (assume 'tracking==1' is false)</MESSAGE>
        </KEYEVENT>
      </SFA>
      <SFA>
        <FILEPATH>C:\Users\Asus\Documents\Tecnico\Cadeiras2Sem\P3D\P3D\P3D_Template\P3D_Template\</FILEPATH>
        <FILENAME>main.cpp</FILENAME>
        <LINE>822</LINE>
        <COLUMN>19</COLUMN>
        <KEYEVENT>
          <ID>3</ID>
          <KIND>branch</KIND>
          <IMPORTANCE>Full</IMPORTANCE>
          <MESSAGE>Skip this branch, (assume 'tracking==2' is false)</MESSAGE>
        </KEYEVENT>
      </SFA>
      <SFA>
        <FILEPATH>C:\Users\Asus\Documents\Tecnico\Cadeiras2Sem\P3D\P3D\P3D_Template\P3D_Template\</FILEPATH>
        <FILENAME>main.cpp</FILENAME>
        <LINE>831</LINE>
        <COLUMN>6</COLUMN>
      </SFA>
      <SFA>
        <FILEPATH>C:\Users\Asus\Documents\Tecnico\Cadeiras2Sem\P3D\P3D\P3D_Template\P3D_Template\</FILEPATH>
        <FILENAME>main.cpp</FILENAME>
        <LINE>832</LINE>
        <COLUMN>6</COLUMN>
      </SFA>
      <SFA>
        <FILEPATH>C:\Users\Asus\Documents\Tecnico\Cadeiras2Sem\P3D\P3D\P3D_Template\P3D_Template\</FILEPATH>
        <FILENAME>main.cpp</FILENAME>
        <LINE>833</LINE>
        <COLUMN>6</COLUMN>
      </SFA>
      <SFA>
        <FILEPATH>C:\Users\Asus\Documents\Tecnico\Cadeiras2Sem\P3D\P3D\P3D_Template\P3D_Template\</FILEPATH>
        <FILENAME>main.cpp</FILENAME>
        <LINE>834</LINE>
        <COLUMN>0</COLUMN>
      </SFA>
      <SFA>
        <FILEPATH>C:\Users\Asus\Documents\Tecnico\Cadeiras2Sem\P3D\P3D\P3D_Template\P3D_Template\</FILEPATH>
        <FILENAME>main.cpp</FILENAME>
        <LINE>831</LINE>
        <COLUMN>8</COLUMN>
        <KEYEVENT>
          <ID>4</ID>
          <KIND>usage</KIND>
          <IMPORTANCE>Essential</IMPORTANCE>
          <MESSAGE>'rAux' is used, but may not have been initialized</MESSAGE>
        </KEYEVENT>
      </SFA>
    </PATH>
  </DEFECT><DEFECT>
    <SFA>
      <FILEPATH>C:\Users\Asus\Documents\Tecnico\Cadeiras2Sem\P3D\P3D\P3D_Template\P3D_Template\</FILEPATH>
      <FILENAME>main.cpp</FILENAME>
      <LINE>982</LINE>
      <COLUMN>36</COLUMN>
    </SFA>
    <DEFECTCODE>26451</DEFECTCODE>
    <DESCRIPTION>Arithmetic overflow: Using operator '*' on a 4 byte value and then casting the result to a 8 byte value. Cast the value to the wider type before calling operator '*' to avoid overflow (io.2).</DESCRIPTION>
    <FUNCTION>init_scene</FUNCTION>
    <DECORATED>?init_scene@@YAXXZ</DECORATED>
    <FUNCLINE>922</FUNCLINE>
    <PATH></PATH>
  </DEFECT><DEFECT>
    <SFA>
      <FILEPATH>C:\Users\Asus\Documents\Tecnico\Cadeiras2Sem\P3D\P3D\P3D_Template\P3D_Template\</FILEPATH>
      <FILENAME>main.cpp</FILENAME>
      <LINE>982</LINE>
      <COLUMN>30</COLUMN>
    </SFA>
    <DEFECTCODE>26451</DEFECTCODE>
    <DESCRIPTION>Arithmetic overflow: Using operator '*' on a 4 byte value and then casting the result to a 8 byte value. Cast the value to the wider type before calling operator '*' to avoid overflow (io.2).</DESCRIPTION>
    <FUNCTION>init_scene</FUNCTION>
    <DECORATED>?init_scene@@YAXXZ</DECORATED>
    <FUNCLINE>922</FUNCLINE>
    <PATH></PATH>
  </DEFECT><DEFECT>
    <SFA>
      <FILEPATH>C:\Users\Asus\Documents\Tecnico\Cadeiras2Sem\P3D\P3D\P3D_Template\P3D_Template\</FILEPATH>
      <FILENAME>main.cpp</FILENAME>
      <LINE>1008</LINE>
      <COLUMN>10</COLUMN>
    </SFA>
    <DEFECTCODE>6001</DEFECTCODE>
    <DESCRIPTION>Using uninitialized memory 'scene'.</DESCRIPTION>
    <FUNCTION>main</FUNCTION>
    <DECORATED>main</DECORATED>
    <FUNCLINE>986</FUNCLINE>
    <PROBABILITY>1</PROBABILITY>
    <RANK>3</RANK>
    <CATEGORY>
      <RULECATEGORY>mspft</RULECATEGORY>
    </CATEGORY>
    <PATH>
      <SFA>
        <FILEPATH>C:\Users\Asus\Documents\Tecnico\Cadeiras2Sem\P3D\P3D\P3D_Template\P3D_Template\</FILEPATH>
        <FILENAME>main.cpp</FILENAME>
        <LINE>989</LINE>
        <COLUMN>34</COLUMN>
      </SFA>
      <SFA>
        <FILEPATH>C:\Users\Asus\Documents\Tecnico\Cadeiras2Sem\P3D\P3D\P3D_Template\P3D_Template\</FILEPATH>
        <FILENAME>main.cpp</FILENAME>
        <LINE>994</LINE>
        <COLUMN>7</COLUMN>
      </SFA>
      <SFA>
        <FILEPATH>C:\Users\Asus\Documents\Tecnico\Cadeiras2Sem\P3D\P3D\P3D_Template\P3D_Template\</FILEPATH>
        <FILENAME>main.cpp</FILENAME>
        <LINE>996</LINE>
        <COLUMN>5</COLUMN>
      </SFA>
      <SFA>
        <FILEPATH>C:\Users\Asus\Documents\Tecnico\Cadeiras2Sem\P3D\P3D\P3D_Template\P3D_Template\</FILEPATH>
        <FILENAME>main.cpp</FILENAME>
        <LINE>997</LINE>
        <COLUMN>5</COLUMN>
      </SFA>
      <SFA>
        <FILEPATH>C:\Users\Asus\Documents\Tecnico\Cadeiras2Sem\P3D\P3D\P3D_Template\P3D_Template\</FILEPATH>
        <FILENAME>main.cpp</FILENAME>
        <LINE>1000</LINE>
        <COLUMN>13</COLUMN>
      </SFA>
      <SFA>
        <FILEPATH>C:\Users\Asus\Documents\Tecnico\Cadeiras2Sem\P3D\P3D\P3D_Template\P3D_Template\</FILEPATH>
        <FILENAME>main.cpp</FILENAME>
        <LINE>1001</LINE>
        <COLUMN>8</COLUMN>
      </SFA>
      <SFA>
        <FILEPATH>C:\Users\Asus\Documents\Tecnico\Cadeiras2Sem\P3D\P3D\P3D_Template\P3D_Template\</FILEPATH>
        <FILENAME>main.cpp</FILENAME>
        <LINE>1002</LINE>
        <COLUMN>14</COLUMN>
      </SFA>
      <SFA>
        <FILEPATH>C:\Users\Asus\Documents\Tecnico\Cadeiras2Sem\P3D\P3D\P3D_Template\P3D_Template\</FILEPATH>
        <FILENAME>main.cpp</FILENAME>
        <LINE>1003</LINE>
        <COLUMN>8</COLUMN>
      </SFA>
      <SFA>
        <FILEPATH>C:\Users\Asus\Documents\Tecnico\Cadeiras2Sem\P3D\P3D\P3D_Template\P3D_Template\</FILEPATH>
        <FILENAME>main.cpp</FILENAME>
        <LINE>1004</LINE>
        <COLUMN>8</COLUMN>
      </SFA>
      <SFA>
        <FILEPATH>C:\Users\Asus\Documents\Tecnico\Cadeiras2Sem\P3D\P3D\P3D_Template\P3D_Template\</FILEPATH>
        <FILENAME>main.cpp</FILENAME>
        <LINE>1005</LINE>
        <COLUMN>9</COLUMN>
      </SFA>
      <SFA>
        <FILEPATH>C:\Users\Asus\Documents\Tecnico\Cadeiras2Sem\P3D\P3D\P3D_Template\P3D_Template\</FILEPATH>
        <FILENAME>main.cpp</FILENAME>
        <LINE>1006</LINE>
        <COLUMN>7</COLUMN>
      </SFA>
      <SFA>
        <FILEPATH>C:\Users\Asus\Documents\Tecnico\Cadeiras2Sem\P3D\P3D\P3D_Template\P3D_Template\</FILEPATH>
        <FILENAME>main.cpp</FILENAME>
        <LINE>1007</LINE>
        <COLUMN>8</COLUMN>
      </SFA>
      <SFA>
        <FILEPATH>C:\Users\Asus\Documents\Tecnico\Cadeiras2Sem\P3D\P3D\P3D_Template\P3D_Template\</FILEPATH>
        <FILENAME>main.cpp</FILENAME>
        <LINE>1008</LINE>
        <COLUMN>3</COLUMN>
      </SFA>
      <SFA>
        <FILEPATH>C:\Users\Asus\Documents\Tecnico\Cadeiras2Sem\P3D\P3D\P3D_Template\P3D_Template\</FILEPATH>
        <FILENAME>main.cpp</FILENAME>
        <LINE>1009</LINE>
        <COLUMN>7</COLUMN>
      </SFA>
      <SFA>
        <FILEPATH>C:\Users\Asus\Documents\Tecnico\Cadeiras2Sem\P3D\P3D\P3D_Template\P3D_Template\</FILEPATH>
        <FILENAME>main.cpp</FILENAME>
        <LINE>1010</LINE>
        <COLUMN>6</COLUMN>
      </SFA>
      <SFA>
        <FILEPATH>C:\Users\Asus\Documents\Tecnico\Cadeiras2Sem\P3D\P3D\P3D_Template\P3D_Template\</FILEPATH>
        <FILENAME>main.cpp</FILENAME>
        <LINE>1011</LINE>
        <COLUMN>23</COLUMN>
      </SFA>
      <SFA>
        <FILEPATH>C:\Users\Asus\Documents\Tecnico\Cadeiras2Sem\P3D\P3D\P3D_Template\P3D_Template\</FILEPATH>
        <FILENAME>main.cpp</FILENAME>
        <LINE>1000</LINE>
        <COLUMN>13</COLUMN>
      </SFA>
      <SFA>
        <FILEPATH>C:\Users\Asus\Documents\Tecnico\Cadeiras2Sem\P3D\P3D\P3D_Template\P3D_Template\</FILEPATH>
        <FILENAME>main.cpp</FILENAME>
        <LINE>1001</LINE>
        <COLUMN>8</COLUMN>
      </SFA>
      <SFA>
        <FILEPATH>C:\Users\Asus\Documents\Tecnico\Cadeiras2Sem\P3D\P3D\P3D_Template\P3D_Template\</FILEPATH>
        <FILENAME>main.cpp</FILENAME>
        <LINE>1002</LINE>
        <COLUMN>14</COLUMN>
      </SFA>
      <SFA>
        <FILEPATH>C:\Users\Asus\Documents\Tecnico\Cadeiras2Sem\P3D\P3D\P3D_Template\P3D_Template\</FILEPATH>
        <FILENAME>main.cpp</FILENAME>
        <LINE>1003</LINE>
        <COLUMN>8</COLUMN>
      </SFA>
      <SFA>
        <FILEPATH>C:\Users\Asus\Documents\Tecnico\Cadeiras2Sem\P3D\P3D\P3D_Template\P3D_Template\</FILEPATH>
        <FILENAME>main.cpp</FILENAME>
        <LINE>1004</LINE>
        <COLUMN>8</COLUMN>
      </SFA>
      <SFA>
        <FILEPATH>C:\Users\Asus\Documents\Tecnico\Cadeiras2Sem\P3D\P3D\P3D_Template\P3D_Template\</FILEPATH>
        <FILENAME>main.cpp</FILENAME>
        <LINE>1005</LINE>
        <COLUMN>9</COLUMN>
      </SFA>
      <SFA>
        <FILEPATH>C:\Users\Asus\Documents\Tecnico\Cadeiras2Sem\P3D\P3D\P3D_Template\P3D_Template\</FILEPATH>
        <FILENAME>main.cpp</FILENAME>
        <LINE>1006</LINE>
        <COLUMN>7</COLUMN>
      </SFA>
      <SFA>
        <FILEPATH>C:\Users\Asus\Documents\Tecnico\Cadeiras2Sem\P3D\P3D\P3D_Template\P3D_Template\</FILEPATH>
        <FILENAME>main.cpp</FILENAME>
        <LINE>1007</LINE>
        <COLUMN>8</COLUMN>
      </SFA>
      <SFA>
        <FILEPATH>C:\Users\Asus\Documents\Tecnico\Cadeiras2Sem\P3D\P3D\P3D_Template\P3D_Template\</FILEPATH>
        <FILENAME>main.cpp</FILENAME>
        <LINE>1008</LINE>
        <COLUMN>3</COLUMN>
        <KEYEVENT>
          <ID>1</ID>
          <KIND>declaration</KIND>
          <IMPORTANCE>Essential</IMPORTANCE>
          <MESSAGE>'scene' is not initialized</MESSAGE>
        </KEYEVENT>
      </SFA>
      <SFA>
        <FILEPATH>C:\Users\Asus\Documents\Tecnico\Cadeiras2Sem\P3D\P3D\P3D_Template\P3D_Template\</FILEPATH>
        <FILENAME>main.cpp</FILENAME>
        <LINE>1009</LINE>
        <COLUMN>7</COLUMN>
      </SFA>
      <SFA>
        <FILEPATH>C:\Users\Asus\Documents\Tecnico\Cadeiras2Sem\P3D\P3D\P3D_Template\P3D_Template\</FILEPATH>
        <FILENAME>main.cpp</FILENAME>
        <LINE>1010</LINE>
        <COLUMN>6</COLUMN>
      </SFA>
      <SFA>
        <FILEPATH>C:\Users\Asus\Documents\Tecnico\Cadeiras2Sem\P3D\P3D\P3D_Template\P3D_Template\</FILEPATH>
        <FILENAME>main.cpp</FILENAME>
        <LINE>1008</LINE>
        <COLUMN>10</COLUMN>
        <KEYEVENT>
          <ID>2</ID>
          <KIND>usage</KIND>
          <IMPORTANCE>Essential</IMPORTANCE>
          <MESSAGE>'scene' is used, but may not have been initialized</MESSAGE>
        </KEYEVENT>
      </SFA>
    </PATH>
  </DEFECT><DEFECT>
    <SFA>
      <FILEPATH>C:\Users\Asus\Documents\Tecnico\Cadeiras2Sem\P3D\P3D\P3D_Template\P3D_Template\</FILEPATH>
      <FILENAME>main.cpp</FILENAME>
      <LINE>1009</LINE>
      <COLUMN>8</COLUMN>
    </SFA>
    <DEFECTCODE>6001</DEFECTCODE>
    <DESCRIPTION>Using uninitialized memory 'img_Data'.</DESCRIPTION>
    <FUNCTION>main</FUNCTION>
    <DECORATED>main</DECORATED>
    <FUNCLINE>986</FUNCLINE>
    <PROBABILITY>1</PROBABILITY>
    <RANK>3</RANK>
    <CATEGORY>
      <RULECATEGORY>mspft</RULECATEGORY>
    </CATEGORY>
    <PATH>
      <SFA>
        <FILEPATH>C:\Users\Asus\Documents\Tecnico\Cadeiras2Sem\P3D\P3D\P3D_Template\P3D_Template\</FILEPATH>
        <FILENAME>main.cpp</FILENAME>
        <LINE>989</LINE>
        <COLUMN>34</COLUMN>
      </SFA>
      <SFA>
        <FILEPATH>C:\Users\Asus\Documents\Tecnico\Cadeiras2Sem\P3D\P3D\P3D_Template\P3D_Template\</FILEPATH>
        <FILENAME>main.cpp</FILENAME>
        <LINE>994</LINE>
        <COLUMN>7</COLUMN>
      </SFA>
      <SFA>
        <FILEPATH>C:\Users\Asus\Documents\Tecnico\Cadeiras2Sem\P3D\P3D\P3D_Template\P3D_Template\</FILEPATH>
        <FILENAME>main.cpp</FILENAME>
        <LINE>996</LINE>
        <COLUMN>5</COLUMN>
      </SFA>
      <SFA>
        <FILEPATH>C:\Users\Asus\Documents\Tecnico\Cadeiras2Sem\P3D\P3D\P3D_Template\P3D_Template\</FILEPATH>
        <FILENAME>main.cpp</FILENAME>
        <LINE>997</LINE>
        <COLUMN>5</COLUMN>
      </SFA>
      <SFA>
        <FILEPATH>C:\Users\Asus\Documents\Tecnico\Cadeiras2Sem\P3D\P3D\P3D_Template\P3D_Template\</FILEPATH>
        <FILENAME>main.cpp</FILENAME>
        <LINE>1000</LINE>
        <COLUMN>13</COLUMN>
      </SFA>
      <SFA>
        <FILEPATH>C:\Users\Asus\Documents\Tecnico\Cadeiras2Sem\P3D\P3D\P3D_Template\P3D_Template\</FILEPATH>
        <FILENAME>main.cpp</FILENAME>
        <LINE>1001</LINE>
        <COLUMN>8</COLUMN>
      </SFA>
      <SFA>
        <FILEPATH>C:\Users\Asus\Documents\Tecnico\Cadeiras2Sem\P3D\P3D\P3D_Template\P3D_Template\</FILEPATH>
        <FILENAME>main.cpp</FILENAME>
        <LINE>1002</LINE>
        <COLUMN>14</COLUMN>
      </SFA>
      <SFA>
        <FILEPATH>C:\Users\Asus\Documents\Tecnico\Cadeiras2Sem\P3D\P3D\P3D_Template\P3D_Template\</FILEPATH>
        <FILENAME>main.cpp</FILENAME>
        <LINE>1003</LINE>
        <COLUMN>8</COLUMN>
      </SFA>
      <SFA>
        <FILEPATH>C:\Users\Asus\Documents\Tecnico\Cadeiras2Sem\P3D\P3D\P3D_Template\P3D_Template\</FILEPATH>
        <FILENAME>main.cpp</FILENAME>
        <LINE>1004</LINE>
        <COLUMN>8</COLUMN>
      </SFA>
      <SFA>
        <FILEPATH>C:\Users\Asus\Documents\Tecnico\Cadeiras2Sem\P3D\P3D\P3D_Template\P3D_Template\</FILEPATH>
        <FILENAME>main.cpp</FILENAME>
        <LINE>1005</LINE>
        <COLUMN>9</COLUMN>
      </SFA>
      <SFA>
        <FILEPATH>C:\Users\Asus\Documents\Tecnico\Cadeiras2Sem\P3D\P3D\P3D_Template\P3D_Template\</FILEPATH>
        <FILENAME>main.cpp</FILENAME>
        <LINE>1006</LINE>
        <COLUMN>7</COLUMN>
      </SFA>
      <SFA>
        <FILEPATH>C:\Users\Asus\Documents\Tecnico\Cadeiras2Sem\P3D\P3D\P3D_Template\P3D_Template\</FILEPATH>
        <FILENAME>main.cpp</FILENAME>
        <LINE>1007</LINE>
        <COLUMN>8</COLUMN>
      </SFA>
      <SFA>
        <FILEPATH>C:\Users\Asus\Documents\Tecnico\Cadeiras2Sem\P3D\P3D\P3D_Template\P3D_Template\</FILEPATH>
        <FILENAME>main.cpp</FILENAME>
        <LINE>1008</LINE>
        <COLUMN>3</COLUMN>
      </SFA>
      <SFA>
        <FILEPATH>C:\Users\Asus\Documents\Tecnico\Cadeiras2Sem\P3D\P3D\P3D_Template\P3D_Template\</FILEPATH>
        <FILENAME>main.cpp</FILENAME>
        <LINE>1009</LINE>
        <COLUMN>7</COLUMN>
      </SFA>
      <SFA>
        <FILEPATH>C:\Users\Asus\Documents\Tecnico\Cadeiras2Sem\P3D\P3D\P3D_Template\P3D_Template\</FILEPATH>
        <FILENAME>main.cpp</FILENAME>
        <LINE>1010</LINE>
        <COLUMN>6</COLUMN>
      </SFA>
      <SFA>
        <FILEPATH>C:\Users\Asus\Documents\Tecnico\Cadeiras2Sem\P3D\P3D\P3D_Template\P3D_Template\</FILEPATH>
        <FILENAME>main.cpp</FILENAME>
        <LINE>1011</LINE>
        <COLUMN>23</COLUMN>
      </SFA>
      <SFA>
        <FILEPATH>C:\Users\Asus\Documents\Tecnico\Cadeiras2Sem\P3D\P3D\P3D_Template\P3D_Template\</FILEPATH>
        <FILENAME>main.cpp</FILENAME>
        <LINE>1000</LINE>
        <COLUMN>13</COLUMN>
      </SFA>
      <SFA>
        <FILEPATH>C:\Users\Asus\Documents\Tecnico\Cadeiras2Sem\P3D\P3D\P3D_Template\P3D_Template\</FILEPATH>
        <FILENAME>main.cpp</FILENAME>
        <LINE>1001</LINE>
        <COLUMN>8</COLUMN>
      </SFA>
      <SFA>
        <FILEPATH>C:\Users\Asus\Documents\Tecnico\Cadeiras2Sem\P3D\P3D\P3D_Template\P3D_Template\</FILEPATH>
        <FILENAME>main.cpp</FILENAME>
        <LINE>1002</LINE>
        <COLUMN>14</COLUMN>
      </SFA>
      <SFA>
        <FILEPATH>C:\Users\Asus\Documents\Tecnico\Cadeiras2Sem\P3D\P3D\P3D_Template\P3D_Template\</FILEPATH>
        <FILENAME>main.cpp</FILENAME>
        <LINE>1003</LINE>
        <COLUMN>8</COLUMN>
      </SFA>
      <SFA>
        <FILEPATH>C:\Users\Asus\Documents\Tecnico\Cadeiras2Sem\P3D\P3D\P3D_Template\P3D_Template\</FILEPATH>
        <FILENAME>main.cpp</FILENAME>
        <LINE>1004</LINE>
        <COLUMN>8</COLUMN>
      </SFA>
      <SFA>
        <FILEPATH>C:\Users\Asus\Documents\Tecnico\Cadeiras2Sem\P3D\P3D\P3D_Template\P3D_Template\</FILEPATH>
        <FILENAME>main.cpp</FILENAME>
        <LINE>1005</LINE>
        <COLUMN>9</COLUMN>
      </SFA>
      <SFA>
        <FILEPATH>C:\Users\Asus\Documents\Tecnico\Cadeiras2Sem\P3D\P3D\P3D_Template\P3D_Template\</FILEPATH>
        <FILENAME>main.cpp</FILENAME>
        <LINE>1006</LINE>
        <COLUMN>7</COLUMN>
      </SFA>
      <SFA>
        <FILEPATH>C:\Users\Asus\Documents\Tecnico\Cadeiras2Sem\P3D\P3D\P3D_Template\P3D_Template\</FILEPATH>
        <FILENAME>main.cpp</FILENAME>
        <LINE>1007</LINE>
        <COLUMN>8</COLUMN>
      </SFA>
      <SFA>
        <FILEPATH>C:\Users\Asus\Documents\Tecnico\Cadeiras2Sem\P3D\P3D\P3D_Template\P3D_Template\</FILEPATH>
        <FILENAME>main.cpp</FILENAME>
        <LINE>1008</LINE>
        <COLUMN>3</COLUMN>
      </SFA>
      <SFA>
        <FILEPATH>C:\Users\Asus\Documents\Tecnico\Cadeiras2Sem\P3D\P3D\P3D_Template\P3D_Template\</FILEPATH>
        <FILENAME>main.cpp</FILENAME>
        <LINE>1009</LINE>
        <COLUMN>7</COLUMN>
        <KEYEVENT>
          <ID>1</ID>
          <KIND>declaration</KIND>
          <IMPORTANCE>Essential</IMPORTANCE>
          <MESSAGE>'img_Data' is not initialized</MESSAGE>
        </KEYEVENT>
      </SFA>
      <SFA>
        <FILEPATH>C:\Users\Asus\Documents\Tecnico\Cadeiras2Sem\P3D\P3D\P3D_Template\P3D_Template\</FILEPATH>
        <FILENAME>main.cpp</FILENAME>
        <LINE>1010</LINE>
        <COLUMN>6</COLUMN>
      </SFA>
      <SFA>
        <FILEPATH>C:\Users\Asus\Documents\Tecnico\Cadeiras2Sem\P3D\P3D\P3D_Template\P3D_Template\</FILEPATH>
        <FILENAME>main.cpp</FILENAME>
        <LINE>1009</LINE>
        <COLUMN>8</COLUMN>
        <KEYEVENT>
          <ID>2</ID>
          <KIND>usage</KIND>
          <IMPORTANCE>Essential</IMPORTANCE>
          <MESSAGE>'img_Data' is used, but may not have been initialized</MESSAGE>
        </KEYEVENT>
      </SFA>
    </PATH>
  </DEFECT><DEFECT>
    <SFA>
      <FILEPATH>C:\Users\Asus\Documents\Tecnico\Cadeiras2Sem\P3D\P3D\P3D_Template\P3D_Template\</FILEPATH>
      <FILENAME>scene.cpp</FILENAME>
      <LINE>323</LINE>
      <COLUMN>7</COLUMN>
    </SFA>
    <DEFECTCODE>26495</DEFECTCODE>
    <DESCRIPTION>Variable 'Scene::camera' is uninitialized. Always initialize a member variable (type.6).</DESCRIPTION>
    <FUNCTION>Scene::{ctor}</FUNCTION>
    <DECORATED>??0Scene@@QEAA@XZ</DECORATED>
    <FUNCLINE>323</FUNCLINE>
    <ADDITIONALINFO>
      <targetSymbol>Scene::camera</targetSymbol>
    </ADDITIONALINFO>
    <PATH></PATH>
  </DEFECT><DEFECT>
    <SFA>
      <FILEPATH>C:\Users\Asus\Documents\Tecnico\Cadeiras2Sem\P3D\P3D\P3D_Template\P3D_Template\</FILEPATH>
      <FILENAME>scene.cpp</FILENAME>
      <LINE>385</LINE>
      <COLUMN>10</COLUMN>
    </SFA>
    <DEFECTCODE>6387</DEFECTCODE>
    <DESCRIPTION>'filenames[i]' could be '0':  this does not adhere to the specification for the function 'strcpy_s'. </DESCRIPTION>
    <FUNCTION>Scene::LoadSkybox</FUNCTION>
    <DECORATED>?LoadSkybox@Scene@@QEAAXPEBD@Z</DECORATED>
    <FUNCLINE>375</FUNCLINE>
    <PROBABILITY>1</PROBABILITY>
    <RANK>4</RANK>
    <CATEGORY>
      <RULECATEGORY>mspft</RULECATEGORY>
    </CATEGORY>
    <PATH>
      <SFA>
        <FILEPATH>C:\Users\Asus\Documents\Tecnico\Cadeiras2Sem\P3D\P3D\P3D_Template\P3D_Template\</FILEPATH>
        <FILENAME>scene.cpp</FILENAME>
        <LINE>377</LINE>
        <COLUMN>7</COLUMN>
      </SFA>
      <SFA>
        <FILEPATH>C:\Users\Asus\Documents\Tecnico\Cadeiras2Sem\P3D\P3D\P3D_Template\P3D_Template\</FILEPATH>
        <FILENAME>scene.cpp</FILENAME>
        <LINE>378</LINE>
        <COLUMN>6</COLUMN>
      </SFA>
      <SFA>
        <FILEPATH>C:\Users\Asus\Documents\Tecnico\Cadeiras2Sem\P3D\P3D\P3D_Template\P3D_Template\</FILEPATH>
        <FILENAME>scene.cpp</FILENAME>
        <LINE>379</LINE>
        <COLUMN>12</COLUMN>
      </SFA>
      <SFA>
        <FILEPATH>C:\Users\Asus\Documents\Tecnico\Cadeiras2Sem\P3D\P3D\P3D_Template\P3D_Template\</FILEPATH>
        <FILENAME>scene.cpp</FILENAME>
        <LINE>381</LINE>
        <COLUMN>10</COLUMN>
      </SFA>
      <SFA>
        <FILEPATH>C:\Users\Asus\Documents\Tecnico\Cadeiras2Sem\P3D\P3D\P3D_Template\P3D_Template\</FILEPATH>
        <FILENAME>scene.cpp</FILENAME>
        <LINE>381</LINE>
        <COLUMN>19</COLUMN>
        <KEYEVENT>
          <ID>1</ID>
          <KIND>branch</KIND>
          <IMPORTANCE>Full</IMPORTANCE>
          <MESSAGE>Enter this loop, (assume 'i&lt;6')</MESSAGE>
        </KEYEVENT>
      </SFA>
      <SFA>
        <FILEPATH>C:\Users\Asus\Documents\Tecnico\Cadeiras2Sem\P3D\P3D\P3D_Template\P3D_Template\</FILEPATH>
        <FILENAME>scene.cpp</FILENAME>
        <LINE>382</LINE>
        <COLUMN>10</COLUMN>
      </SFA>
      <SFA>
        <FILEPATH>C:\Users\Asus\Documents\Tecnico\Cadeiras2Sem\P3D\P3D\P3D_Template\P3D_Template\</FILEPATH>
        <FILENAME>scene.cpp</FILENAME>
        <LINE>383</LINE>
        <COLUMN>10</COLUMN>
      </SFA>
      <SFA>
        <FILEPATH>C:\Users\Asus\Documents\Tecnico\Cadeiras2Sem\P3D\P3D\P3D_Template\P3D_Template\</FILEPATH>
        <FILENAME>scene.cpp</FILENAME>
        <LINE>384</LINE>
        <COLUMN>15</COLUMN>
      </SFA>
      <SFA>
        <FILEPATH>C:\Users\Asus\Documents\Tecnico\Cadeiras2Sem\P3D\P3D\P3D_Template\P3D_Template\</FILEPATH>
        <FILENAME>scene.cpp</FILENAME>
        <LINE>385</LINE>
        <COLUMN>10</COLUMN>
        <KEYEVENT>
          <ID>2</ID>
          <KIND>declaration</KIND>
          <IMPORTANCE>Full</IMPORTANCE>
          <MESSAGE>'filenames' is an In/Out argument to 'strcpy_s' (declared at c:\program files (x86)\windows kits\10\include\10.0.18362.0\ucrt\string.h:28)</MESSAGE>
        </KEYEVENT>
      </SFA>
      <SFA>
        <FILEPATH>C:\Users\Asus\Documents\Tecnico\Cadeiras2Sem\P3D\P3D\P3D_Template\P3D_Template\</FILEPATH>
        <FILENAME>scene.cpp</FILENAME>
        <LINE>385</LINE>
        <COLUMN>10</COLUMN>
        <KEYEVENT>
          <ID>3</ID>
          <KIND>usage</KIND>
          <IMPORTANCE>Essential</IMPORTANCE>
          <MESSAGE>'filenames[i]' should not be NULL, because this is not consistent with the SAL annotation on 'strcpy_s'</MESSAGE>
        </KEYEVENT>
      </SFA>
    </PATH>
  </DEFECT><DEFECT>
    <SFA>
      <FILEPATH>C:\Users\Asus\Documents\Tecnico\Cadeiras2Sem\P3D\P3D\P3D_Template\P3D_Template\</FILEPATH>
      <FILENAME>scene.cpp</FILENAME>
      <LINE>416</LINE>
      <COLUMN>8</COLUMN>
    </SFA>
    <DEFECTCODE>6387</DEFECTCODE>
    <DESCRIPTION>'this-&gt;skybox_img[i].img' could be '0':  this does not adhere to the specification for the function 'memcpy'. </DESCRIPTION>
    <FUNCTION>Scene::LoadSkybox</FUNCTION>
    <DECORATED>?LoadSkybox@Scene@@QEAAXPEBD@Z</DECORATED>
    <FUNCLINE>375</FUNCLINE>
    <PROBABILITY>1</PROBABILITY>
    <RANK>4</RANK>
    <CATEGORY>
      <RULECATEGORY>mspft</RULECATEGORY>
    </CATEGORY>
    <PATH>
      <SFA>
        <FILEPATH>C:\Users\Asus\Documents\Tecnico\Cadeiras2Sem\P3D\P3D\P3D_Template\P3D_Template\</FILEPATH>
        <FILENAME>scene.cpp</FILENAME>
        <LINE>377</LINE>
        <COLUMN>7</COLUMN>
      </SFA>
      <SFA>
        <FILEPATH>C:\Users\Asus\Documents\Tecnico\Cadeiras2Sem\P3D\P3D\P3D_Template\P3D_Template\</FILEPATH>
        <FILENAME>scene.cpp</FILENAME>
        <LINE>378</LINE>
        <COLUMN>6</COLUMN>
      </SFA>
      <SFA>
        <FILEPATH>C:\Users\Asus\Documents\Tecnico\Cadeiras2Sem\P3D\P3D\P3D_Template\P3D_Template\</FILEPATH>
        <FILENAME>scene.cpp</FILENAME>
        <LINE>379</LINE>
        <COLUMN>12</COLUMN>
      </SFA>
      <SFA>
        <FILEPATH>C:\Users\Asus\Documents\Tecnico\Cadeiras2Sem\P3D\P3D\P3D_Template\P3D_Template\</FILEPATH>
        <FILENAME>scene.cpp</FILENAME>
        <LINE>381</LINE>
        <COLUMN>10</COLUMN>
      </SFA>
      <SFA>
        <FILEPATH>C:\Users\Asus\Documents\Tecnico\Cadeiras2Sem\P3D\P3D\P3D_Template\P3D_Template\</FILEPATH>
        <FILENAME>scene.cpp</FILENAME>
        <LINE>381</LINE>
        <COLUMN>19</COLUMN>
      </SFA>
      <SFA>
        <FILEPATH>C:\Users\Asus\Documents\Tecnico\Cadeiras2Sem\P3D\P3D\P3D_Template\P3D_Template\</FILEPATH>
        <FILENAME>scene.cpp</FILENAME>
        <LINE>382</LINE>
        <COLUMN>10</COLUMN>
      </SFA>
      <SFA>
        <FILEPATH>C:\Users\Asus\Documents\Tecnico\Cadeiras2Sem\P3D\P3D\P3D_Template\P3D_Template\</FILEPATH>
        <FILENAME>scene.cpp</FILENAME>
        <LINE>383</LINE>
        <COLUMN>10</COLUMN>
      </SFA>
      <SFA>
        <FILEPATH>C:\Users\Asus\Documents\Tecnico\Cadeiras2Sem\P3D\P3D\P3D_Template\P3D_Template\</FILEPATH>
        <FILENAME>scene.cpp</FILENAME>
        <LINE>384</LINE>
        <COLUMN>15</COLUMN>
      </SFA>
      <SFA>
        <FILEPATH>C:\Users\Asus\Documents\Tecnico\Cadeiras2Sem\P3D\P3D\P3D_Template\P3D_Template\</FILEPATH>
        <FILENAME>scene.cpp</FILENAME>
        <LINE>385</LINE>
        <COLUMN>10</COLUMN>
      </SFA>
      <SFA>
        <FILEPATH>C:\Users\Asus\Documents\Tecnico\Cadeiras2Sem\P3D\P3D\P3D_Template\P3D_Template\</FILEPATH>
        <FILENAME>scene.cpp</FILENAME>
        <LINE>381</LINE>
        <COLUMN>25</COLUMN>
      </SFA>
      <SFA>
        <FILEPATH>C:\Users\Asus\Documents\Tecnico\Cadeiras2Sem\P3D\P3D\P3D_Template\P3D_Template\</FILEPATH>
        <FILENAME>scene.cpp</FILENAME>
        <LINE>381</LINE>
        <COLUMN>19</COLUMN>
      </SFA>
      <SFA>
        <FILEPATH>C:\Users\Asus\Documents\Tecnico\Cadeiras2Sem\P3D\P3D\P3D_Template\P3D_Template\</FILEPATH>
        <FILENAME>scene.cpp</FILENAME>
        <LINE>382</LINE>
        <COLUMN>10</COLUMN>
      </SFA>
      <SFA>
        <FILEPATH>C:\Users\Asus\Documents\Tecnico\Cadeiras2Sem\P3D\P3D\P3D_Template\P3D_Template\</FILEPATH>
        <FILENAME>scene.cpp</FILENAME>
        <LINE>383</LINE>
        <COLUMN>10</COLUMN>
      </SFA>
      <SFA>
        <FILEPATH>C:\Users\Asus\Documents\Tecnico\Cadeiras2Sem\P3D\P3D\P3D_Template\P3D_Template\</FILEPATH>
        <FILENAME>scene.cpp</FILENAME>
        <LINE>384</LINE>
        <COLUMN>15</COLUMN>
      </SFA>
      <SFA>
        <FILEPATH>C:\Users\Asus\Documents\Tecnico\Cadeiras2Sem\P3D\P3D\P3D_Template\P3D_Template\</FILEPATH>
        <FILENAME>scene.cpp</FILENAME>
        <LINE>385</LINE>
        <COLUMN>10</COLUMN>
      </SFA>
      <SFA>
        <FILEPATH>C:\Users\Asus\Documents\Tecnico\Cadeiras2Sem\P3D\P3D\P3D_Template\P3D_Template\</FILEPATH>
        <FILENAME>scene.cpp</FILENAME>
        <LINE>381</LINE>
        <COLUMN>25</COLUMN>
      </SFA>
      <SFA>
        <FILEPATH>C:\Users\Asus\Documents\Tecnico\Cadeiras2Sem\P3D\P3D\P3D_Template\P3D_Template\</FILEPATH>
        <FILENAME>scene.cpp</FILENAME>
        <LINE>381</LINE>
        <COLUMN>19</COLUMN>
      </SFA>
      <SFA>
        <FILEPATH>C:\Users\Asus\Documents\Tecnico\Cadeiras2Sem\P3D\P3D\P3D_Template\P3D_Template\</FILEPATH>
        <FILENAME>scene.cpp</FILENAME>
        <LINE>388</LINE>
        <COLUMN>8</COLUMN>
      </SFA>
      <SFA>
        <FILEPATH>C:\Users\Asus\Documents\Tecnico\Cadeiras2Sem\P3D\P3D\P3D_Template\P3D_Template\</FILEPATH>
        <FILENAME>scene.cpp</FILENAME>
        <LINE>390</LINE>
        <COLUMN>9</COLUMN>
      </SFA>
      <SFA>
        <FILEPATH>C:\Users\Asus\Documents\Tecnico\Cadeiras2Sem\P3D\P3D\P3D_Template\P3D_Template\</FILEPATH>
        <FILENAME>scene.cpp</FILENAME>
        <LINE>391</LINE>
        <COLUMN>13</COLUMN>
      </SFA>
      <SFA>
        <FILEPATH>C:\Users\Asus\Documents\Tecnico\Cadeiras2Sem\P3D\P3D\P3D_Template\P3D_Template\</FILEPATH>
        <FILENAME>scene.cpp</FILENAME>
        <LINE>393</LINE>
        <COLUMN>10</COLUMN>
      </SFA>
      <SFA>
        <FILEPATH>C:\Users\Asus\Documents\Tecnico\Cadeiras2Sem\P3D\P3D\P3D_Template\P3D_Template\</FILEPATH>
        <FILENAME>scene.cpp</FILENAME>
        <LINE>393</LINE>
        <COLUMN>19</COLUMN>
        <KEYEVENT>
          <ID>1</ID>
          <KIND>branch</KIND>
          <IMPORTANCE>Full</IMPORTANCE>
          <MESSAGE>Enter this loop, (assume 'i&lt;6')</MESSAGE>
        </KEYEVENT>
      </SFA>
      <SFA>
        <FILEPATH>C:\Users\Asus\Documents\Tecnico\Cadeiras2Sem\P3D\P3D\P3D_Template\P3D_Template\</FILEPATH>
        <FILENAME>scene.cpp</FILENAME>
        <LINE>394</LINE>
        <COLUMN>13</COLUMN>
      </SFA>
      <SFA>
        <FILEPATH>C:\Users\Asus\Documents\Tecnico\Cadeiras2Sem\P3D\P3D\P3D_Template\P3D_Template\</FILEPATH>
        <FILENAME>scene.cpp</FILENAME>
        <LINE>395</LINE>
        <COLUMN>13</COLUMN>
      </SFA>
      <SFA>
        <FILEPATH>C:\Users\Asus\Documents\Tecnico\Cadeiras2Sem\P3D\P3D\P3D_Template\P3D_Template\</FILEPATH>
        <FILENAME>scene.cpp</FILENAME>
        <LINE>397</LINE>
        <COLUMN>17</COLUMN>
        <KEYEVENT>
          <ID>2</ID>
          <KIND>branch</KIND>
          <IMPORTANCE>Full</IMPORTANCE>
          <MESSAGE>Enter this branch, (assume 'ilLoadImage(filenames[i])')</MESSAGE>
        </KEYEVENT>
      </SFA>
      <SFA>
        <FILEPATH>C:\Users\Asus\Documents\Tecnico\Cadeiras2Sem\P3D\P3D\P3D_Template\P3D_Template\</FILEPATH>
        <FILENAME>scene.cpp</FILENAME>
        <LINE>398</LINE>
        <COLUMN>9</COLUMN>
      </SFA>
      <SFA>
        <FILEPATH>C:\Users\Asus\Documents\Tecnico\Cadeiras2Sem\P3D\P3D\P3D_Template\P3D_Template\</FILEPATH>
        <FILENAME>scene.cpp</FILENAME>
        <LINE>402</LINE>
        <COLUMN>8</COLUMN>
      </SFA>
      <SFA>
        <FILEPATH>C:\Users\Asus\Documents\Tecnico\Cadeiras2Sem\P3D\P3D\P3D_Template\P3D_Template\</FILEPATH>
        <FILENAME>scene.cpp</FILENAME>
        <LINE>404</LINE>
        <COLUMN>9</COLUMN>
      </SFA>
      <SFA>
        <FILEPATH>C:\Users\Asus\Documents\Tecnico\Cadeiras2Sem\P3D\P3D\P3D_Template\P3D_Template\</FILEPATH>
        <FILENAME>scene.cpp</FILENAME>
        <LINE>405</LINE>
        <COLUMN>8</COLUMN>
      </SFA>
      <SFA>
        <FILEPATH>C:\Users\Asus\Documents\Tecnico\Cadeiras2Sem\P3D\P3D\P3D_Template\P3D_Template\</FILEPATH>
        <FILENAME>scene.cpp</FILENAME>
        <LINE>406</LINE>
        <COLUMN>10</COLUMN>
      </SFA>
      <SFA>
        <FILEPATH>C:\Users\Asus\Documents\Tecnico\Cadeiras2Sem\P3D\P3D\P3D_Template\P3D_Template\</FILEPATH>
        <FILENAME>scene.cpp</FILENAME>
        <LINE>408</LINE>
        <COLUMN>15</COLUMN>
      </SFA>
      <SFA>
        <FILEPATH>C:\Users\Asus\Documents\Tecnico\Cadeiras2Sem\P3D\P3D\P3D_Template\P3D_Template\</FILEPATH>
        <FILENAME>scene.cpp</FILENAME>
        <LINE>411</LINE>
        <COLUMN>16</COLUMN>
      </SFA>
      <SFA>
        <FILEPATH>C:\Users\Asus\Documents\Tecnico\Cadeiras2Sem\P3D\P3D\P3D_Template\P3D_Template\</FILEPATH>
        <FILENAME>scene.cpp</FILENAME>
        <LINE>413</LINE>
        <COLUMN>6</COLUMN>
      </SFA>
      <SFA>
        <FILEPATH>C:\Users\Asus\Documents\Tecnico\Cadeiras2Sem\P3D\P3D\P3D_Template\P3D_Template\</FILEPATH>
        <FILENAME>scene.cpp</FILENAME>
        <LINE>414</LINE>
        <COLUMN>20</COLUMN>
      </SFA>
      <SFA>
        <FILEPATH>C:\Users\Asus\Documents\Tecnico\Cadeiras2Sem\P3D\P3D\P3D_Template\P3D_Template\</FILEPATH>
        <FILENAME>scene.cpp</FILENAME>
        <LINE>415</LINE>
        <COLUMN>10</COLUMN>
      </SFA>
      <SFA>
        <FILEPATH>C:\Users\Asus\Documents\Tecnico\Cadeiras2Sem\P3D\P3D\P3D_Template\P3D_Template\</FILEPATH>
        <FILENAME>scene.cpp</FILENAME>
        <LINE>416</LINE>
        <COLUMN>8</COLUMN>
        <KEYEVENT>
          <ID>3</ID>
          <KIND>declaration</KIND>
          <IMPORTANCE>Full</IMPORTANCE>
          <MESSAGE>'skybox_img' is an Output from 'memcpy' (declared at c:\program files (x86)\microsoft visual studio\2019\community\vc\tools\msvc\14.27.29110\include\vcruntime_string.h:43)</MESSAGE>
        </KEYEVENT>
      </SFA>
      <SFA>
        <FILEPATH>C:\Users\Asus\Documents\Tecnico\Cadeiras2Sem\P3D\P3D\P3D_Template\P3D_Template\</FILEPATH>
        <FILENAME>scene.cpp</FILENAME>
        <LINE>416</LINE>
        <COLUMN>8</COLUMN>
        <KEYEVENT>
          <ID>4</ID>
          <KIND>usage</KIND>
          <IMPORTANCE>Essential</IMPORTANCE>
          <MESSAGE>'this-&gt;skybox_img[i].img' should not be NULL, because this is not consistent with the SAL annotation on 'memcpy'</MESSAGE>
        </KEYEVENT>
      </SFA>
    </PATH>
  </DEFECT><DEFECT>
    <SFA>
      <FILEPATH>C:\Users\Asus\Documents\Tecnico\Cadeiras2Sem\P3D\P3D\P3D_Template\P3D_Template\</FILEPATH>
      <FILENAME>scene.cpp</FILENAME>
      <LINE>430</LINE>
      <COLUMN>9</COLUMN>
    </SFA>
    <DEFECTCODE>26812</DEFECTCODE>
    <DESCRIPTION>The enum type 'CubeMap' is unscoped. Prefer 'enum class' over 'enum' (Enum.3).</DESCRIPTION>
    <FUNCTION>Scene::GetSkyboxColor</FUNCTION>
    <DECORATED>?GetSkyboxColor@Scene@@QEAA?AVColor@@AEAVRay@@@Z</DECORATED>
    <FUNCLINE>425</FUNCLINE>
    <PATH></PATH>
  </DEFECT><DEFECT>
    <SFA>
      <FILEPATH>C:\Users\Asus\Documents\Tecnico\Cadeiras2Sem\P3D\P3D\P3D_Template\P3D_Template\</FILEPATH>
      <FILENAME>scene.cpp</FILENAME>
      <LINE>597</LINE>
      <COLUMN>22</COLUMN>
    </SFA>
    <DEFECTCODE>6385</DEFECTCODE>
    <DESCRIPTION>Reading invalid data from 'verticesArray':  the readable size is 'total_vertices*sizeof(Vector)' bytes, but '24' bytes may be read.</DESCRIPTION>
    <FUNCTION>Scene::load_p3f</FUNCTION>
    <DECORATED>?load_p3f@Scene@@QEAA_NPEBD@Z</DECORATED>
    <FUNCLINE>519</FUNCLINE>
    <PROBABILITY>1</PROBABILITY>
    <RANK>4</RANK>
    <CATEGORY>
      <RULECATEGORY>mspft</RULECATEGORY>
    </CATEGORY>
    <PATH>
      <SFA>
        <FILEPATH>C:\Users\Asus\Documents\Tecnico\Cadeiras2Sem\P3D\P3D\P3D_Template\P3D_Template\</FILEPATH>
        <FILENAME>scene.cpp</FILENAME>
        <LINE>521</LINE>
        <COLUMN>12</COLUMN>
      </SFA>
      <SFA>
        <FILEPATH>C:\Users\Asus\Documents\Tecnico\Cadeiras2Sem\P3D\P3D\P3D_Template\P3D_Template\</FILEPATH>
        <FILENAME>scene.cpp</FILENAME>
        <LINE>522</LINE>
        <COLUMN>9</COLUMN>
      </SFA>
      <SFA>
        <FILEPATH>C:\Users\Asus\Documents\Tecnico\Cadeiras2Sem\P3D\P3D\P3D_Template\P3D_Template\</FILEPATH>
        <FILENAME>scene.cpp</FILENAME>
        <LINE>523</LINE>
        <COLUMN>8</COLUMN>
      </SFA>
      <SFA>
        <FILEPATH>C:\Users\Asus\Documents\Tecnico\Cadeiras2Sem\P3D\P3D\P3D_Template\P3D_Template\</FILEPATH>
        <FILENAME>scene.cpp</FILENAME>
        <LINE>524</LINE>
        <COLUMN>11</COLUMN>
      </SFA>
      <SFA>
        <FILEPATH>C:\Users\Asus\Documents\Tecnico\Cadeiras2Sem\P3D\P3D\P3D_Template\P3D_Template\</FILEPATH>
        <FILENAME>scene.cpp</FILENAME>
        <LINE>525</LINE>
        <COLUMN>13</COLUMN>
      </SFA>
      <SFA>
        <FILEPATH>C:\Users\Asus\Documents\Tecnico\Cadeiras2Sem\P3D\P3D\P3D_Template\P3D_Template\</FILEPATH>
        <FILENAME>scene.cpp</FILENAME>
        <LINE>527</LINE>
        <COLUMN>11</COLUMN>
      </SFA>
      <SFA>
        <FILEPATH>C:\Users\Asus\Documents\Tecnico\Cadeiras2Sem\P3D\P3D\P3D_Template\P3D_Template\</FILEPATH>
        <FILENAME>scene.cpp</FILENAME>
        <LINE>529</LINE>
        <COLUMN>11</COLUMN>
      </SFA>
      <SFA>
        <FILEPATH>C:\Users\Asus\Documents\Tecnico\Cadeiras2Sem\P3D\P3D\P3D_Template\P3D_Template\</FILEPATH>
        <FILENAME>scene.cpp</FILENAME>
        <LINE>531</LINE>
        <COLUMN>11</COLUMN>
      </SFA>
      <SFA>
        <FILEPATH>C:\Users\Asus\Documents\Tecnico\Cadeiras2Sem\P3D\P3D\P3D_Template\P3D_Template\</FILEPATH>
        <FILENAME>scene.cpp</FILENAME>
        <LINE>534</LINE>
        <COLUMN>11</COLUMN>
      </SFA>
      <SFA>
        <FILEPATH>C:\Users\Asus\Documents\Tecnico\Cadeiras2Sem\P3D\P3D\P3D_Template\P3D_Template\</FILEPATH>
        <FILENAME>scene.cpp</FILENAME>
        <LINE>544</LINE>
        <COLUMN>19</COLUMN>
      </SFA>
      <SFA>
        <FILEPATH>C:\Users\Asus\Documents\Tecnico\Cadeiras2Sem\P3D\P3D\P3D_Template\P3D_Template\</FILEPATH>
        <FILENAME>scene.cpp</FILENAME>
        <LINE>556</LINE>
        <COLUMN>16</COLUMN>
      </SFA>
      <SFA>
        <FILEPATH>C:\Users\Asus\Documents\Tecnico\Cadeiras2Sem\P3D\P3D\P3D_Template\P3D_Template\</FILEPATH>
        <FILENAME>scene.cpp</FILENAME>
        <LINE>566</LINE>
        <COLUMN>16</COLUMN>
      </SFA>
      <SFA>
        <FILEPATH>C:\Users\Asus\Documents\Tecnico\Cadeiras2Sem\P3D\P3D\P3D_Template\P3D_Template\</FILEPATH>
        <FILENAME>scene.cpp</FILENAME>
        <LINE>587</LINE>
        <COLUMN>16</COLUMN>
      </SFA>
      <SFA>
        <FILEPATH>C:\Users\Asus\Documents\Tecnico\Cadeiras2Sem\P3D\P3D\P3D_Template\P3D_Template\</FILEPATH>
        <FILENAME>scene.cpp</FILENAME>
        <LINE>588</LINE>
        <COLUMN>13</COLUMN>
      </SFA>
      <SFA>
        <FILEPATH>C:\Users\Asus\Documents\Tecnico\Cadeiras2Sem\P3D\P3D\P3D_Template\P3D_Template\</FILEPATH>
        <FILENAME>scene.cpp</FILENAME>
        <LINE>588</LINE>
        <COLUMN>29</COLUMN>
      </SFA>
      <SFA>
        <FILEPATH>C:\Users\Asus\Documents\Tecnico\Cadeiras2Sem\P3D\P3D\P3D_Template\P3D_Template\</FILEPATH>
        <FILENAME>scene.cpp</FILENAME>
        <LINE>589</LINE>
        <COLUMN>13</COLUMN>
      </SFA>
      <SFA>
        <FILEPATH>C:\Users\Asus\Documents\Tecnico\Cadeiras2Sem\P3D\P3D\P3D_Template\P3D_Template\</FILEPATH>
        <FILENAME>scene.cpp</FILENAME>
        <LINE>589</LINE>
        <COLUMN>17</COLUMN>
      </SFA>
      <SFA>
        <FILEPATH>C:\Users\Asus\Documents\Tecnico\Cadeiras2Sem\P3D\P3D\P3D_Template\P3D_Template\</FILEPATH>
        <FILENAME>scene.cpp</FILENAME>
        <LINE>589</LINE>
        <COLUMN>21</COLUMN>
      </SFA>
      <SFA>
        <FILEPATH>C:\Users\Asus\Documents\Tecnico\Cadeiras2Sem\P3D\P3D\P3D_Template\P3D_Template\</FILEPATH>
        <FILENAME>scene.cpp</FILENAME>
        <LINE>590</LINE>
        <COLUMN>14</COLUMN>
      </SFA>
      <SFA>
        <FILEPATH>C:\Users\Asus\Documents\Tecnico\Cadeiras2Sem\P3D\P3D\P3D_Template\P3D_Template\</FILEPATH>
        <FILENAME>scene.cpp</FILENAME>
        <LINE>591</LINE>
        <COLUMN>12</COLUMN>
      </SFA>
      <SFA>
        <FILEPATH>C:\Users\Asus\Documents\Tecnico\Cadeiras2Sem\P3D\P3D\P3D_Template\P3D_Template\</FILEPATH>
        <FILENAME>scene.cpp</FILENAME>
        <LINE>591</LINE>
        <COLUMN>27</COLUMN>
      </SFA>
      <SFA>
        <FILEPATH>C:\Users\Asus\Documents\Tecnico\Cadeiras2Sem\P3D\P3D\P3D_Template\P3D_Template\</FILEPATH>
        <FILENAME>scene.cpp</FILENAME>
        <LINE>593</LINE>
        <COLUMN>27</COLUMN>
      </SFA>
      <SFA>
        <FILEPATH>C:\Users\Asus\Documents\Tecnico\Cadeiras2Sem\P3D\P3D\P3D_Template\P3D_Template\</FILEPATH>
        <FILENAME>scene.cpp</FILENAME>
        <LINE>594</LINE>
        <COLUMN>18</COLUMN>
        <KEYEVENT>
          <ID>1</ID>
          <KIND>declaration</KIND>
          <IMPORTANCE>Essential</IMPORTANCE>
          <MESSAGE>'verticesArray' is a 0 byte array</MESSAGE>
        </KEYEVENT>
      </SFA>
      <SFA>
        <FILEPATH>C:\Users\Asus\Documents\Tecnico\Cadeiras2Sem\P3D\P3D\P3D_Template\P3D_Template\</FILEPATH>
        <FILENAME>scene.cpp</FILENAME>
        <LINE>595</LINE>
        <COLUMN>13</COLUMN>
      </SFA>
      <SFA>
        <FILEPATH>C:\Users\Asus\Documents\Tecnico\Cadeiras2Sem\P3D\P3D\P3D_Template\P3D_Template\</FILEPATH>
        <FILENAME>scene.cpp</FILENAME>
        <LINE>595</LINE>
        <COLUMN>22</COLUMN>
        <KEYEVENT>
          <ID>2</ID>
          <KIND>branch</KIND>
          <IMPORTANCE>Full</IMPORTANCE>
          <MESSAGE>Enter this loop, (assume 'i&lt;total_vertices')</MESSAGE>
        </KEYEVENT>
      </SFA>
      <SFA>
        <FILEPATH>C:\Users\Asus\Documents\Tecnico\Cadeiras2Sem\P3D\P3D\P3D_Template\P3D_Template\</FILEPATH>
        <FILENAME>scene.cpp</FILENAME>
        <LINE>596</LINE>
        <COLUMN>10</COLUMN>
      </SFA>
      <SFA>
        <FILEPATH>C:\Users\Asus\Documents\Tecnico\Cadeiras2Sem\P3D\P3D\P3D_Template\P3D_Template\</FILEPATH>
        <FILENAME>scene.cpp</FILENAME>
        <LINE>597</LINE>
        <COLUMN>22</COLUMN>
      </SFA>
      <SFA>
        <FILEPATH>C:\Users\Asus\Documents\Tecnico\Cadeiras2Sem\P3D\P3D\P3D_Template\P3D_Template\</FILEPATH>
        <FILENAME>scene.cpp</FILENAME>
        <LINE>595</LINE>
        <COLUMN>41</COLUMN>
        <KEYEVENT>
          <ID>3</ID>
          <KIND>declaration</KIND>
          <IMPORTANCE>Essential</IMPORTANCE>
          <MESSAGE>'i' may equal 1</MESSAGE>
        </KEYEVENT>
      </SFA>
      <SFA>
        <FILEPATH>C:\Users\Asus\Documents\Tecnico\Cadeiras2Sem\P3D\P3D\P3D_Template\P3D_Template\</FILEPATH>
        <FILENAME>scene.cpp</FILENAME>
        <LINE>595</LINE>
        <COLUMN>22</COLUMN>
        <KEYEVENT>
          <ID>4</ID>
          <KIND>branch</KIND>
          <IMPORTANCE>Full</IMPORTANCE>
          <MESSAGE>Continue this loop, (assume 'i&lt;total_vertices')</MESSAGE>
        </KEYEVENT>
      </SFA>
      <SFA>
        <FILEPATH>C:\Users\Asus\Documents\Tecnico\Cadeiras2Sem\P3D\P3D\P3D_Template\P3D_Template\</FILEPATH>
        <FILENAME>scene.cpp</FILENAME>
        <LINE>596</LINE>
        <COLUMN>10</COLUMN>
      </SFA>
      <SFA>
        <FILEPATH>C:\Users\Asus\Documents\Tecnico\Cadeiras2Sem\P3D\P3D\P3D_Template\P3D_Template\</FILEPATH>
        <FILENAME>scene.cpp</FILENAME>
        <LINE>597</LINE>
        <COLUMN>22</COLUMN>
        <KEYEVENT>
          <ID>5</ID>
          <KIND>declaration</KIND>
          <IMPORTANCE>Full</IMPORTANCE>
          <MESSAGE>'i' is an Output from 'Vector::=' (declared at c:\users\asus\documents\tecnico\cadeiras2sem\p3d\p3d\p3d_template\p3d_template\vector.h:21)</MESSAGE>
        </KEYEVENT>
      </SFA>
      <SFA>
        <FILEPATH>C:\Users\Asus\Documents\Tecnico\Cadeiras2Sem\P3D\P3D\P3D_Template\P3D_Template\</FILEPATH>
        <FILENAME>scene.cpp</FILENAME>
        <LINE>597</LINE>
        <COLUMN>22</COLUMN>
        <KEYEVENT>
          <ID>6</ID>
          <KIND>usage</KIND>
          <IMPORTANCE>Essential</IMPORTANCE>
          <MESSAGE>Invalid read from 'verticesArray', (outside its readable range)</MESSAGE>
        </KEYEVENT>
      </SFA>
    </PATH>
  </DEFECT><DEFECT>
    <SFA>
      <FILEPATH>C:\Users\Asus\Documents\Tecnico\Cadeiras2Sem\P3D\P3D\P3D_Template\P3D_Template\</FILEPATH>
      <FILENAME>scene.cpp</FILENAME>
      <LINE>601</LINE>
      <COLUMN>14</COLUMN>
    </SFA>
    <DEFECTCODE>6011</DEFECTCODE>
    <DESCRIPTION>Dereferencing NULL pointer 'verticesArray'. </DESCRIPTION>
    <FUNCTION>Scene::load_p3f</FUNCTION>
    <DECORATED>?load_p3f@Scene@@QEAA_NPEBD@Z</DECORATED>
    <FUNCLINE>519</FUNCLINE>
    <PROBABILITY>1</PROBABILITY>
    <RANK>4</RANK>
    <CATEGORY>
      <RULECATEGORY>mspft</RULECATEGORY>
    </CATEGORY>
    <PATH>
      <SFA>
        <FILEPATH>C:\Users\Asus\Documents\Tecnico\Cadeiras2Sem\P3D\P3D\P3D_Template\P3D_Template\</FILEPATH>
        <FILENAME>scene.cpp</FILENAME>
        <LINE>521</LINE>
        <COLUMN>12</COLUMN>
      </SFA>
      <SFA>
        <FILEPATH>C:\Users\Asus\Documents\Tecnico\Cadeiras2Sem\P3D\P3D\P3D_Template\P3D_Template\</FILEPATH>
        <FILENAME>scene.cpp</FILENAME>
        <LINE>522</LINE>
        <COLUMN>9</COLUMN>
      </SFA>
      <SFA>
        <FILEPATH>C:\Users\Asus\Documents\Tecnico\Cadeiras2Sem\P3D\P3D\P3D_Template\P3D_Template\</FILEPATH>
        <FILENAME>scene.cpp</FILENAME>
        <LINE>523</LINE>
        <COLUMN>8</COLUMN>
      </SFA>
      <SFA>
        <FILEPATH>C:\Users\Asus\Documents\Tecnico\Cadeiras2Sem\P3D\P3D\P3D_Template\P3D_Template\</FILEPATH>
        <FILENAME>scene.cpp</FILENAME>
        <LINE>524</LINE>
        <COLUMN>11</COLUMN>
      </SFA>
      <SFA>
        <FILEPATH>C:\Users\Asus\Documents\Tecnico\Cadeiras2Sem\P3D\P3D\P3D_Template\P3D_Template\</FILEPATH>
        <FILENAME>scene.cpp</FILENAME>
        <LINE>525</LINE>
        <COLUMN>13</COLUMN>
      </SFA>
      <SFA>
        <FILEPATH>C:\Users\Asus\Documents\Tecnico\Cadeiras2Sem\P3D\P3D\P3D_Template\P3D_Template\</FILEPATH>
        <FILENAME>scene.cpp</FILENAME>
        <LINE>527</LINE>
        <COLUMN>11</COLUMN>
      </SFA>
      <SFA>
        <FILEPATH>C:\Users\Asus\Documents\Tecnico\Cadeiras2Sem\P3D\P3D\P3D_Template\P3D_Template\</FILEPATH>
        <FILENAME>scene.cpp</FILENAME>
        <LINE>529</LINE>
        <COLUMN>11</COLUMN>
      </SFA>
      <SFA>
        <FILEPATH>C:\Users\Asus\Documents\Tecnico\Cadeiras2Sem\P3D\P3D\P3D_Template\P3D_Template\</FILEPATH>
        <FILENAME>scene.cpp</FILENAME>
        <LINE>531</LINE>
        <COLUMN>11</COLUMN>
      </SFA>
      <SFA>
        <FILEPATH>C:\Users\Asus\Documents\Tecnico\Cadeiras2Sem\P3D\P3D\P3D_Template\P3D_Template\</FILEPATH>
        <FILENAME>scene.cpp</FILENAME>
        <LINE>534</LINE>
        <COLUMN>11</COLUMN>
      </SFA>
      <SFA>
        <FILEPATH>C:\Users\Asus\Documents\Tecnico\Cadeiras2Sem\P3D\P3D\P3D_Template\P3D_Template\</FILEPATH>
        <FILENAME>scene.cpp</FILENAME>
        <LINE>544</LINE>
        <COLUMN>19</COLUMN>
      </SFA>
      <SFA>
        <FILEPATH>C:\Users\Asus\Documents\Tecnico\Cadeiras2Sem\P3D\P3D\P3D_Template\P3D_Template\</FILEPATH>
        <FILENAME>scene.cpp</FILENAME>
        <LINE>556</LINE>
        <COLUMN>16</COLUMN>
      </SFA>
      <SFA>
        <FILEPATH>C:\Users\Asus\Documents\Tecnico\Cadeiras2Sem\P3D\P3D\P3D_Template\P3D_Template\</FILEPATH>
        <FILENAME>scene.cpp</FILENAME>
        <LINE>566</LINE>
        <COLUMN>16</COLUMN>
      </SFA>
      <SFA>
        <FILEPATH>C:\Users\Asus\Documents\Tecnico\Cadeiras2Sem\P3D\P3D\P3D_Template\P3D_Template\</FILEPATH>
        <FILENAME>scene.cpp</FILENAME>
        <LINE>587</LINE>
        <COLUMN>16</COLUMN>
      </SFA>
      <SFA>
        <FILEPATH>C:\Users\Asus\Documents\Tecnico\Cadeiras2Sem\P3D\P3D\P3D_Template\P3D_Template\</FILEPATH>
        <FILENAME>scene.cpp</FILENAME>
        <LINE>588</LINE>
        <COLUMN>13</COLUMN>
      </SFA>
      <SFA>
        <FILEPATH>C:\Users\Asus\Documents\Tecnico\Cadeiras2Sem\P3D\P3D\P3D_Template\P3D_Template\</FILEPATH>
        <FILENAME>scene.cpp</FILENAME>
        <LINE>588</LINE>
        <COLUMN>29</COLUMN>
      </SFA>
      <SFA>
        <FILEPATH>C:\Users\Asus\Documents\Tecnico\Cadeiras2Sem\P3D\P3D\P3D_Template\P3D_Template\</FILEPATH>
        <FILENAME>scene.cpp</FILENAME>
        <LINE>589</LINE>
        <COLUMN>13</COLUMN>
      </SFA>
      <SFA>
        <FILEPATH>C:\Users\Asus\Documents\Tecnico\Cadeiras2Sem\P3D\P3D\P3D_Template\P3D_Template\</FILEPATH>
        <FILENAME>scene.cpp</FILENAME>
        <LINE>589</LINE>
        <COLUMN>17</COLUMN>
      </SFA>
      <SFA>
        <FILEPATH>C:\Users\Asus\Documents\Tecnico\Cadeiras2Sem\P3D\P3D\P3D_Template\P3D_Template\</FILEPATH>
        <FILENAME>scene.cpp</FILENAME>
        <LINE>589</LINE>
        <COLUMN>21</COLUMN>
      </SFA>
      <SFA>
        <FILEPATH>C:\Users\Asus\Documents\Tecnico\Cadeiras2Sem\P3D\P3D\P3D_Template\P3D_Template\</FILEPATH>
        <FILENAME>scene.cpp</FILENAME>
        <LINE>590</LINE>
        <COLUMN>14</COLUMN>
      </SFA>
      <SFA>
        <FILEPATH>C:\Users\Asus\Documents\Tecnico\Cadeiras2Sem\P3D\P3D\P3D_Template\P3D_Template\</FILEPATH>
        <FILENAME>scene.cpp</FILENAME>
        <LINE>591</LINE>
        <COLUMN>12</COLUMN>
      </SFA>
      <SFA>
        <FILEPATH>C:\Users\Asus\Documents\Tecnico\Cadeiras2Sem\P3D\P3D\P3D_Template\P3D_Template\</FILEPATH>
        <FILENAME>scene.cpp</FILENAME>
        <LINE>591</LINE>
        <COLUMN>27</COLUMN>
      </SFA>
      <SFA>
        <FILEPATH>C:\Users\Asus\Documents\Tecnico\Cadeiras2Sem\P3D\P3D\P3D_Template\P3D_Template\</FILEPATH>
        <FILENAME>scene.cpp</FILENAME>
        <LINE>593</LINE>
        <COLUMN>27</COLUMN>
      </SFA>
      <SFA>
        <FILEPATH>C:\Users\Asus\Documents\Tecnico\Cadeiras2Sem\P3D\P3D\P3D_Template\P3D_Template\</FILEPATH>
        <FILENAME>scene.cpp</FILENAME>
        <LINE>594</LINE>
        <COLUMN>18</COLUMN>
        <KEYEVENT>
          <ID>1</ID>
          <KIND>declaration</KIND>
          <IMPORTANCE>Essential</IMPORTANCE>
          <MESSAGE>'verticesArray' may be NULL</MESSAGE>
        </KEYEVENT>
      </SFA>
      <SFA>
        <FILEPATH>C:\Users\Asus\Documents\Tecnico\Cadeiras2Sem\P3D\P3D\P3D_Template\P3D_Template\</FILEPATH>
        <FILENAME>scene.cpp</FILENAME>
        <LINE>595</LINE>
        <COLUMN>13</COLUMN>
      </SFA>
      <SFA>
        <FILEPATH>C:\Users\Asus\Documents\Tecnico\Cadeiras2Sem\P3D\P3D\P3D_Template\P3D_Template\</FILEPATH>
        <FILENAME>scene.cpp</FILENAME>
        <LINE>595</LINE>
        <COLUMN>22</COLUMN>
      </SFA>
      <SFA>
        <FILEPATH>C:\Users\Asus\Documents\Tecnico\Cadeiras2Sem\P3D\P3D\P3D_Template\P3D_Template\</FILEPATH>
        <FILENAME>scene.cpp</FILENAME>
        <LINE>599</LINE>
        <COLUMN>13</COLUMN>
      </SFA>
      <SFA>
        <FILEPATH>C:\Users\Asus\Documents\Tecnico\Cadeiras2Sem\P3D\P3D\P3D_Template\P3D_Template\</FILEPATH>
        <FILENAME>scene.cpp</FILENAME>
        <LINE>599</LINE>
        <COLUMN>22</COLUMN>
        <KEYEVENT>
          <ID>2</ID>
          <KIND>branch</KIND>
          <IMPORTANCE>Full</IMPORTANCE>
          <MESSAGE>Enter this loop, (assume 'i&lt;total_faces')</MESSAGE>
        </KEYEVENT>
      </SFA>
      <SFA>
        <FILEPATH>C:\Users\Asus\Documents\Tecnico\Cadeiras2Sem\P3D\P3D\P3D_Template\P3D_Template\</FILEPATH>
        <FILENAME>scene.cpp</FILENAME>
        <LINE>600</LINE>
        <COLUMN>22</COLUMN>
      </SFA>
      <SFA>
        <FILEPATH>C:\Users\Asus\Documents\Tecnico\Cadeiras2Sem\P3D\P3D\P3D_Template\P3D_Template\</FILEPATH>
        <FILENAME>scene.cpp</FILENAME>
        <LINE>601</LINE>
        <COLUMN>14</COLUMN>
        <KEYEVENT>
          <ID>3</ID>
          <KIND>usage</KIND>
          <IMPORTANCE>Essential</IMPORTANCE>
          <MESSAGE>'verticesArray' is dereferenced, but may still be NULL</MESSAGE>
        </KEYEVENT>
      </SFA>
    </PATH>
  </DEFECT></DEFECTS>